INSERT INTO SAM_TYPE_T ("TYPEID" ,"AUTHORITY" ,"DOMAIN" ,"KEYWORD",
    "DESCRIPTION" ,
    "STATUS" ,"CREATEDBY" ,"CREATEDDATE" ,"LASTMODIFIEDBY" ,
    "LASTMODIFIEDDATE" )
    VALUES (1 , 'stanford.edu' ,'assessment.item' ,'Multiple Choice' ,NULL ,1 ,1 ,
    SYSDATE ,1 ,SYSDATE);
INSERT INTO SAM_TYPE_T ("TYPEID" ,"AUTHORITY" ,"DOMAIN" ,"KEYWORD",
    "DESCRIPTION" ,
    "STATUS" ,"CREATEDBY" ,"CREATEDDATE" ,"LASTMODIFIEDBY" ,
    "LASTMODIFIEDDATE" )
    VALUES (2 , 'stanford.edu' ,'assessment.item' ,'Multiple Correct' ,NULL ,1 ,1 ,
    SYSDATE ,1 ,SYSDATE);
INSERT INTO SAM_TYPE_T ("TYPEID" ,"AUTHORITY" ,"DOMAIN" ,"KEYWORD",
    "DESCRIPTION" ,
    "STATUS" ,"CREATEDBY" ,"CREATEDDATE" ,"LASTMODIFIEDBY" ,
    "LASTMODIFIEDDATE" )
    VALUES (3 , 'stanford.edu' ,'assessment.item' ,'Survey' ,NULL ,1 ,1 ,
    SYSDATE ,1 ,SYSDATE);
INSERT INTO SAM_TYPE_T ("TYPEID" ,"AUTHORITY" ,"DOMAIN" ,"KEYWORD",
    "DESCRIPTION" ,
    "STATUS" ,"CREATEDBY" ,"CREATEDDATE" ,"LASTMODIFIEDBY" ,
    "LASTMODIFIEDDATE" )
    VALUES (4 , 'stanford.edu' ,'assessment.item' ,'True - False' ,NULL ,1 ,1 ,
    SYSDATE ,1 ,SYSDATE);
INSERT INTO SAM_TYPE_T ("TYPEID" ,"AUTHORITY" ,"DOMAIN" ,"KEYWORD",
    "DESCRIPTION" ,
    "STATUS" ,"CREATEDBY" ,"CREATEDDATE" ,"LASTMODIFIEDBY" ,
    "LASTMODIFIEDDATE" )
    VALUES (5 , 'stanford.edu' ,'assessment.item' ,'Short Answer/Essay' ,NULL ,1 ,1 ,
    SYSDATE ,1 ,SYSDATE);
INSERT INTO SAM_TYPE_T ("TYPEID" ,"AUTHORITY" ,"DOMAIN" ,"KEYWORD",
    "DESCRIPTION" ,
    "STATUS" ,"CREATEDBY" ,"CREATEDDATE" ,"LASTMODIFIEDBY" ,
    "LASTMODIFIEDDATE" )
    VALUES (6 , 'stanford.edu' ,'assessment.item' ,'File Upload' ,NULL ,1 ,1 ,
    SYSDATE ,1 ,SYSDATE);
INSERT INTO SAM_TYPE_T ("TYPEID" ,"AUTHORITY" ,"DOMAIN" ,"KEYWORD",
    "DESCRIPTION" ,
    "STATUS" ,"CREATEDBY" ,"CREATEDDATE" ,"LASTMODIFIEDBY" ,
    "LASTMODIFIEDDATE" )
    VALUES (7 , 'stanford.edu' ,'assessment.item' ,'Audio Recording' ,NULL ,1 ,1 ,
    SYSDATE ,1 ,SYSDATE);
INSERT INTO SAM_TYPE_T ("TYPEID" ,"AUTHORITY" ,"DOMAIN" ,"KEYWORD",
    "DESCRIPTION" ,
    "STATUS" ,"CREATEDBY" ,"CREATEDDATE" ,"LASTMODIFIEDBY" ,
    "LASTMODIFIEDDATE" )
    VALUES (18 , 'stanford.edu' ,'assessment.item' ,'Video Recording' ,NULL ,1 ,1 ,
    SYSDATE ,1 ,SYSDATE);
INSERT INTO SAM_TYPE_T ("TYPEID" ,"AUTHORITY" ,"DOMAIN" ,"KEYWORD",
    "DESCRIPTION" ,
    "STATUS" ,"CREATEDBY" ,"CREATEDDATE" ,"LASTMODIFIEDBY" ,
    "LASTMODIFIEDDATE" )
    VALUES (8 , 'stanford.edu' ,'assessment.item' ,'Fill in Blank' ,NULL ,1 ,1 ,
    SYSDATE ,1 ,SYSDATE);
INSERT INTO SAM_TYPE_T ("TYPEID" ,"AUTHORITY" ,"DOMAIN" ,"KEYWORD",
    "DESCRIPTION" ,
    "STATUS" ,"CREATEDBY" ,"CREATEDDATE" ,"LASTMODIFIEDBY" ,
    "LASTMODIFIEDDATE" )
    VALUES (11 , 'stanford.edu' ,'assessment.item' ,'Numeric Response' ,NULL ,1 ,1 ,
    SYSDATE ,1 ,SYSDATE);
INSERT INTO SAM_TYPE_T ("TYPEID" ,"AUTHORITY" ,"DOMAIN" ,"KEYWORD",
    "DESCRIPTION" ,
    "STATUS" ,"CREATEDBY" ,"CREATEDDATE" ,"LASTMODIFIEDBY" ,
    "LASTMODIFIEDDATE" )
    VALUES (9 , 'stanford.edu' ,'assessment.item' ,'Matching' ,NULL ,1 ,1 ,
    SYSDATE ,1 ,SYSDATE);
INSERT INTO SAM_TYPE_T ("TYPEID" ,"AUTHORITY" ,"DOMAIN" ,"KEYWORD",
    "DESCRIPTION" ,
    "STATUS" ,"CREATEDBY" ,"CREATEDDATE" ,"LASTMODIFIEDBY" ,
    "LASTMODIFIEDDATE" )
    VALUES (12 , 'stanford.edu' ,'assessment.item' ,'Multiple Correct Single Selection' ,NULL ,1 ,1 ,
    SYSDATE ,1 ,SYSDATE);
INSERT INTO SAM_TYPE_T ("TYPEID" ,"AUTHORITY" ,"DOMAIN" ,"KEYWORD",
    "DESCRIPTION" ,
    "STATUS" ,"CREATEDBY" ,"CREATEDDATE" ,"LASTMODIFIEDBY" ,
    "LASTMODIFIEDDATE" )
    VALUES (13 , 'stanford.edu' ,'assessment.item' ,'Matrix Choices Survey' ,NULL ,1 ,1 ,
    SYSDATE ,1 ,SYSDATE);
INSERT INTO SAM_TYPE_T ("TYPEID" ,"AUTHORITY" ,"DOMAIN" ,"KEYWORD",
    "DESCRIPTION" ,
    "STATUS" ,"CREATEDBY" ,"CREATEDDATE" ,"LASTMODIFIEDBY" ,
    "LASTMODIFIEDDATE" )
    VALUES (14 , 'stanford.edu' ,'assessment.item' ,'Extended Matching_Items' ,NULL ,1 ,1 ,
    SYSDATE ,1 ,SYSDATE); 
INSERT INTO SAM_TYPE_T ("TYPEID" ,"AUTHORITY" ,"DOMAIN" ,"KEYWORD",
    "DESCRIPTION" ,
    "STATUS" ,"CREATEDBY" ,"CREATEDDATE" ,"LASTMODIFIEDBY" ,
    "LASTMODIFIEDDATE" )
    VALUES (21 , 'stanford.edu' ,'assessment.section' ,'Default' ,NULL ,1 ,1 ,
    SYSDATE ,1 ,SYSDATE);
INSERT INTO SAM_TYPE_T ("TYPEID" ,"AUTHORITY" ,"DOMAIN" ,"KEYWORD",
    "DESCRIPTION" ,
    "STATUS" ,"CREATEDBY" ,"CREATEDDATE" ,"LASTMODIFIEDBY" ,
    "LASTMODIFIEDDATE" )
    VALUES (22 , 'stanford.edu' ,'assessment.section' ,'Normal' ,NULL ,1 ,1 ,
    SYSDATE ,1 ,SYSDATE);
INSERT INTO SAM_TYPE_T ("TYPEID" ,"AUTHORITY" ,"DOMAIN" ,"KEYWORD",
    "DESCRIPTION" ,
    "STATUS" ,"CREATEDBY" ,"CREATEDDATE" ,"LASTMODIFIEDBY" ,
    "LASTMODIFIEDDATE" )
    VALUES (41 , 'stanford.edu' ,'assessment.template' ,'Quiz' ,NULL ,1 ,1 ,
    SYSDATE ,1 ,SYSDATE);
INSERT INTO SAM_TYPE_T ("TYPEID" ,"AUTHORITY" ,"DOMAIN" ,"KEYWORD",
    "DESCRIPTION" ,
    "STATUS" ,"CREATEDBY" ,"CREATEDDATE" ,"LASTMODIFIEDBY" ,
    "LASTMODIFIEDDATE" )
    VALUES (42 , 'stanford.edu' ,'assessment.template' ,'Homework' ,NULL ,1 ,1 ,
    SYSDATE ,1 ,SYSDATE);
INSERT INTO SAM_TYPE_T ("TYPEID" ,"AUTHORITY" ,"DOMAIN" ,"KEYWORD",
    "DESCRIPTION" ,
    "STATUS" ,"CREATEDBY" ,"CREATEDDATE" ,"LASTMODIFIEDBY" ,
    "LASTMODIFIEDDATE" )
    VALUES (43 , 'stanford.edu' ,'assessment.template' ,'Mid Term' ,NULL ,1 ,1 ,
    SYSDATE ,1 ,SYSDATE);
INSERT INTO SAM_TYPE_T ("TYPEID" ,"AUTHORITY" ,"DOMAIN" ,"KEYWORD",
    "DESCRIPTION" ,
    "STATUS" ,"CREATEDBY" ,"CREATEDDATE" ,"LASTMODIFIEDBY" ,
    "LASTMODIFIEDDATE" )
    VALUES (44 , 'stanford.edu' ,'assessment.template' ,'Final' ,NULL ,1 ,1 ,
    SYSDATE ,1 ,SYSDATE);
INSERT INTO SAM_TYPE_T ("TYPEID" ,"AUTHORITY" ,"DOMAIN" ,"KEYWORD",
    "DESCRIPTION" ,
    "STATUS" ,"CREATEDBY" ,"CREATEDDATE" ,"LASTMODIFIEDBY" ,
    "LASTMODIFIEDDATE" )
    VALUES (61 , 'stanford.edu' ,'assessment' ,'Quiz' ,NULL ,1 ,1 ,
    SYSDATE ,1 ,SYSDATE);
INSERT INTO SAM_TYPE_T ("TYPEID" ,"AUTHORITY" ,"DOMAIN" ,"KEYWORD",
    "DESCRIPTION" ,
    "STATUS" ,"CREATEDBY" ,"CREATEDDATE" ,"LASTMODIFIEDBY" ,
    "LASTMODIFIEDDATE" )
    VALUES (62 , 'stanford.edu' ,'assessment' ,'Homework' ,NULL ,1 ,1 ,
    SYSDATE ,1 ,SYSDATE);
INSERT INTO SAM_TYPE_T ("TYPEID" ,"AUTHORITY" ,"DOMAIN" ,"KEYWORD",
    "DESCRIPTION" ,
    "STATUS" ,"CREATEDBY" ,"CREATEDDATE" ,"LASTMODIFIEDBY" ,
    "LASTMODIFIEDDATE" )
    VALUES (63 , 'stanford.edu' ,'assessment' ,'Mid Term' ,NULL ,1 ,1 ,
    SYSDATE ,1 ,SYSDATE);
INSERT INTO SAM_TYPE_T ("TYPEID" ,"AUTHORITY" ,"DOMAIN" ,"KEYWORD",
    "DESCRIPTION" ,
    "STATUS" ,"CREATEDBY" ,"CREATEDDATE" ,"LASTMODIFIEDBY" ,
    "LASTMODIFIEDDATE" )
    VALUES (64 , 'stanford.edu' ,'assessment' ,'Final' ,NULL ,1 ,1 ,
    SYSDATE ,1 ,SYSDATE);

INSERT INTO SAM_TYPE_T ("TYPEID" ,"AUTHORITY" ,"DOMAIN" ,"KEYWORD",
    "DESCRIPTION" ,
    "STATUS" ,"CREATEDBY" ,"CREATEDDATE" ,"LASTMODIFIEDBY" ,
    "LASTMODIFIEDDATE" )
    VALUES (0 , 'stanford.edu' ,'assessment.questionpool' ,'Default' ,
    'Stanford Question Pool',1 ,1 , SYSDATE ,1 ,SYSDATE);

INSERT INTO SAM_TYPE_T ("TYPEID" ,"AUTHORITY" ,"DOMAIN" ,"KEYWORD",
    "DESCRIPTION" ,
    "STATUS" ,"CREATEDBY" ,"CREATEDDATE" ,"LASTMODIFIEDBY" ,
    "LASTMODIFIEDDATE" )
    VALUES (30 , 'stanford.edu' ,'assessment.questionpool.access' ,'Access Denied' ,
    'Access Denied',1 ,1 , SYSDATE ,1 ,SYSDATE);

INSERT INTO SAM_TYPE_T ("TYPEID" ,"AUTHORITY" ,"DOMAIN" ,"KEYWORD",
    "DESCRIPTION" ,
    "STATUS" ,"CREATEDBY" ,"CREATEDDATE" ,"LASTMODIFIEDBY" ,
    "LASTMODIFIEDDATE" )
    VALUES (31 , 'stanford.edu' ,'assessment.questionpool.access' ,'Read Only' ,
    'Read Only',1 ,1 , SYSDATE ,1 ,SYSDATE);

INSERT INTO SAM_TYPE_T ("TYPEID" ,"AUTHORITY" ,"DOMAIN" ,"KEYWORD",
    "DESCRIPTION" ,
    "STATUS" ,"CREATEDBY" ,"CREATEDDATE" ,"LASTMODIFIEDBY" ,
    "LASTMODIFIEDDATE" )
    VALUES (32 , 'stanford.edu' ,'assessment.questionpool.access' ,'Read and Copy' ,
    'Read and Copy',1 ,1 , SYSDATE ,1 ,SYSDATE);

INSERT INTO SAM_TYPE_T ("TYPEID" ,"AUTHORITY" ,"DOMAIN" ,"KEYWORD",
    "DESCRIPTION" ,
    "STATUS" ,"CREATEDBY" ,"CREATEDDATE" ,"LASTMODIFIEDBY" ,
    "LASTMODIFIEDDATE" )
    VALUES (33 , 'stanford.edu' ,'assessment.questionpool.access' ,'Read/Write' ,
    'Read/Write',1 ,1 , SYSDATE ,1 ,SYSDATE);

INSERT INTO SAM_TYPE_T ("TYPEID" ,"AUTHORITY" ,"DOMAIN" ,"KEYWORD",
    "DESCRIPTION" ,
    "STATUS" ,"CREATEDBY" ,"CREATEDDATE" ,"LASTMODIFIEDBY" ,
    "LASTMODIFIEDDATE" )
    VALUES (34 , 'stanford.edu' ,'assessment.questionpool.access' ,'Administration' ,
    'Adminstration',1 ,1 , SYSDATE ,1 ,SYSDATE);

INSERT INTO SAM_TYPE_T ("TYPEID" ,"AUTHORITY" ,"DOMAIN" ,"KEYWORD",
    "DESCRIPTION" ,
    "STATUS" ,"CREATEDBY" ,"CREATEDDATE" ,"LASTMODIFIEDBY" ,
    "LASTMODIFIEDDATE" )
    VALUES (81 , 'stanford.edu' ,'assessment.taking' ,'Taking Assessment' ,
    'Taking Assessment',1 ,1 , SYSDATE ,1 ,SYSDATE);

INSERT INTO SAM_TYPE_T ("TYPEID" ,"AUTHORITY" ,"DOMAIN" ,"KEYWORD",
    "DESCRIPTION" ,
    "STATUS" ,"CREATEDBY" ,"CREATEDDATE" ,"LASTMODIFIEDBY" ,
    "LASTMODIFIEDDATE" )
    VALUES (101 , 'stanford.edu' ,'assessment.published' ,'A Published Assessment' ,
    'A Published Assessment',1 ,1 , SYSDATE ,1 ,SYSDATE);

INSERT INTO SAM_TYPE_T ("TYPEID" ,"AUTHORITY" ,"DOMAIN" ,"KEYWORD",
    "DESCRIPTION" ,
    "STATUS" ,"CREATEDBY" ,"CREATEDDATE" ,"LASTMODIFIEDBY" ,
    "LASTMODIFIEDDATE" )
    VALUES (142 , 'stanford.edu' ,'assessment.template.system' ,'System Defined' ,NULL ,1 ,1 ,
    SYSDATE ,1 ,SYSDATE);

-- set up Default Template
INSERT INTO SAM_ASSESSMENTBASE_T ("ID" ,"ISTEMPLATE" ,
    "PARENTID" ,"TITLE" ,"DESCRIPTION" ,"COMMENTS" ,
    "ASSESSMENTTEMPLATEID" ,"TYPEID" ,"INSTRUCTORNOTIFICATION" ,
    "TESTEENOTIFICATION" ,"MULTIPARTALLOWED" ,"STATUS" ,
    "CREATEDBY" ,"CREATEDDATE" ,"LASTMODIFIEDBY" ,
    "LASTMODIFIEDDATE" )
    VALUES (sam_assessmentBase_id_s.nextVal,1 ,0 ,'Default Assessment Type' ,'System Defined Assessment Type' ,'comments' , NULL
    ,'142' ,1 ,1 ,1 ,1 ,'admin' ,SYSDATE ,'admin' ,SYSDATE  );

INSERT INTO SAM_ASSESSEVALUATION_T ("ASSESSMENTID" ,
    "EVALUATIONCOMPONENTS" ,"SCORINGTYPE" ,"NUMERICMODELID" ,
    "FIXEDTOTALSCORE" ,"GRADEAVAILABLE" ,"ISSTUDENTIDPUBLIC" ,
    "ANONYMOUSGRADING" ,"AUTOSCORING" ,"TOGRADEBOOK" )
    VALUES ((SELECT ID FROM SAM_ASSESSMENTBASE_T WHERE TITLE='Default Assessment Type' AND TYPEID='142' AND ISTEMPLATE=1) ,'' ,1 ,'' , NULL , NULL , NULL ,2 , NULL ,2  );

INSERT INTO SAM_ASSESSFEEDBACK_T ("ASSESSMENTID" ,
    "FEEDBACKDELIVERY" ,"FEEDBACKAUTHORING" ,"SHOWQUESTIONTEXT" ,"SHOWSTUDENTRESPONSE"
    ,"SHOWCORRECTRESPONSE" ,"SHOWSTUDENTSCORE" ,"SHOWSTUDENTQUESTIONSCORE",
    "SHOWQUESTIONLEVELFEEDBACK" ,"SHOWSELECTIONLEVELFEEDBACK" ,
    "SHOWGRADERCOMMENTS" ,"SHOWSTATISTICS" ,"EDITCOMPONENTS" ,"FEEDBACKCOMPONENTOPTION")
    VALUES ((SELECT ID FROM SAM_ASSESSMENTBASE_T WHERE TITLE='Default Assessment Type' AND TYPEID='142' AND ISTEMPLATE=1) ,3 ,1 ,1 ,0 ,0 ,0 ,0 ,0 ,0 ,0 ,0 ,1 ,2 );

INSERT INTO SAM_ASSESSACCESSCONTROL_T ("ASSESSMENTID" ,
    "SUBMISSIONSALLOWED" ,"SUBMISSIONSSAVED" ,"ASSESSMENTFORMAT" ,
    "BOOKMARKINGITEM" ,"TIMELIMIT" ,"TIMEDASSESSMENT" ,
    "RETRYALLOWED" ,"LATEHANDLING" ,"STARTDATE" ,"DUEDATE" ,
    "SCOREDATE" ,"FEEDBACKDATE" ,"RETRACTDATE" ,"AUTOSUBMIT" ,
    "ITEMNAVIGATION" ,"ITEMNUMBERING" , "DISPLAYSCORE", "SUBMISSIONMESSAGE" ,
    "RELEASETO" ,"PASSWORD" ,"FINALPAGEURL" ,
    "UNLIMITEDSUBMISSIONS" )
    VALUES ((SELECT ID FROM SAM_ASSESSMENTBASE_T WHERE TITLE='Default Assessment Type' AND TYPEID='142' AND ISTEMPLATE=1) ,NULL,1 ,1 , NULL , NULL , NULL , NULL ,1 ,
    TO_DATE('', 'dd-Mon-yyyy HH:MI:SS AM') ,TO_DATE('',
    'dd-Mon-yyyy HH:MI:SS AM') ,TO_DATE('', 'dd-Mon-yyyy HH:MI:SS
    AM') ,TO_DATE('', 'dd-Mon-yyyy HH:MI:SS AM') ,TO_DATE('',
    'dd-Mon-yyyy HH:MI:SS AM') ,0 ,2 ,1 , 1, '' ,'' ,'' ,'' ,
    1  );

INSERT INTO SAM_ASSESSMETADATA_T ("ASSESSMENTMETADATAID", "ASSESSMENTID","LABEL",
    "ENTRY")
    VALUES(sam_assessMetaData_id_s.nextVal, (SELECT ID FROM SAM_ASSESSMENTBASE_T WHERE TITLE='Default Assessment Type' AND TYPEID='142' AND ISTEMPLATE=1), 'finalPageURL_isInstructorEditable', 'true');

INSERT INTO SAM_ASSESSMETADATA_T ("ASSESSMENTMETADATAID", "ASSESSMENTID","LABEL",
    "ENTRY")
    VALUES(sam_assessMetaData_id_s.nextVal, (SELECT ID FROM SAM_ASSESSMENTBASE_T WHERE TITLE='Default Assessment Type' AND TYPEID='142' AND ISTEMPLATE=1), 'anonymousRelease_isInstructorEditable', 'true');

INSERT INTO SAM_ASSESSMETADATA_T ("ASSESSMENTMETADATAID", "ASSESSMENTID","LABEL",
    "ENTRY")
    VALUES(sam_assessMetaData_id_s.nextVal, (SELECT ID FROM SAM_ASSESSMENTBASE_T WHERE TITLE='Default Assessment Type' AND TYPEID='142' AND ISTEMPLATE=1), 'dueDate_isInstructorEditable', 'true');

INSERT INTO SAM_ASSESSMETADATA_T ("ASSESSMENTMETADATAID", "ASSESSMENTID","LABEL",
    "ENTRY")
    VALUES(sam_assessMetaData_id_s.nextVal, (SELECT ID FROM SAM_ASSESSMENTBASE_T WHERE TITLE='Default Assessment Type' AND TYPEID='142' AND ISTEMPLATE=1), 'description_isInstructorEditable', 'true');

INSERT INTO SAM_ASSESSMETADATA_T ("ASSESSMENTMETADATAID", "ASSESSMENTID","LABEL",
    "ENTRY")
    VALUES(sam_assessMetaData_id_s.nextVal, (SELECT ID FROM SAM_ASSESSMENTBASE_T WHERE TITLE='Default Assessment Type' AND TYPEID='142' AND ISTEMPLATE=1), 'metadataQuestions_isInstructorEditable', 'true');

INSERT INTO SAM_ASSESSMETADATA_T ("ASSESSMENTMETADATAID", "ASSESSMENTID","LABEL",
    "ENTRY")
    VALUES(sam_assessMetaData_id_s.nextVal, (SELECT ID FROM SAM_ASSESSMENTBASE_T WHERE TITLE='Default Assessment Type' AND TYPEID='142' AND ISTEMPLATE=1), 'bgImage_isInstructorEditable', 'true');

INSERT INTO SAM_ASSESSMETADATA_T ("ASSESSMENTMETADATAID", "ASSESSMENTID","LABEL",
    "ENTRY")
    VALUES(sam_assessMetaData_id_s.nextVal, (SELECT ID FROM SAM_ASSESSMENTBASE_T WHERE TITLE='Default Assessment Type' AND TYPEID='142' AND ISTEMPLATE=1), 'feedbackComponents_isInstructorEditable', 'true');

INSERT INTO SAM_ASSESSMETADATA_T ("ASSESSMENTMETADATAID", "ASSESSMENTID","LABEL",
    "ENTRY")
    VALUES(sam_assessMetaData_id_s.nextVal, (SELECT ID FROM SAM_ASSESSMENTBASE_T WHERE TITLE='Default Assessment Type' AND TYPEID='142' AND ISTEMPLATE=1), 'retractDate_isInstructorEditable', 'true');

INSERT INTO SAM_ASSESSMETADATA_T ("ASSESSMENTMETADATAID", "ASSESSMENTID","LABEL",
    "ENTRY")
    VALUES(sam_assessMetaData_id_s.nextVal, (SELECT ID FROM SAM_ASSESSMENTBASE_T WHERE TITLE='Default Assessment Type' AND TYPEID='142' AND ISTEMPLATE=1), 'feedbackType_isInstructorEditable', 'true');

INSERT INTO SAM_ASSESSMETADATA_T ("ASSESSMENTMETADATAID", "ASSESSMENTID","LABEL",
    "ENTRY")
    VALUES(sam_assessMetaData_id_s.nextVal, (SELECT ID FROM SAM_ASSESSMENTBASE_T WHERE TITLE='Default Assessment Type' AND TYPEID='142' AND ISTEMPLATE=1), 'timedAssessmentAutoSubmit_isInstructorEditable', 'true');

INSERT INTO SAM_ASSESSMETADATA_T ("ASSESSMENTMETADATAID", "ASSESSMENTID","LABEL",
    "ENTRY")
    VALUES(sam_assessMetaData_id_s.nextVal, (SELECT ID FROM SAM_ASSESSMENTBASE_T WHERE TITLE='Default Assessment Type' AND TYPEID='142' AND ISTEMPLATE=1), 'toGradebook_isInstructorEditable', 'true');

INSERT INTO SAM_ASSESSMETADATA_T ("ASSESSMENTMETADATAID", "ASSESSMENTID","LABEL",
    "ENTRY")
    VALUES(sam_assessMetaData_id_s.nextVal, (SELECT ID FROM SAM_ASSESSMENTBASE_T WHERE TITLE='Default Assessment Type' AND TYPEID='142' AND ISTEMPLATE=1), 'displayChunking_isInstructorEditable', 'true');

INSERT INTO SAM_ASSESSMETADATA_T ("ASSESSMENTMETADATAID", "ASSESSMENTID","LABEL",
    "ENTRY")
    VALUES(sam_assessMetaData_id_s.nextVal, (SELECT ID FROM SAM_ASSESSMENTBASE_T WHERE TITLE='Default Assessment Type' AND TYPEID='142' AND ISTEMPLATE=1), 'recordedScore_isInstructorEditable', 'true');

INSERT INTO SAM_ASSESSMETADATA_T ("ASSESSMENTMETADATAID", "ASSESSMENTID","LABEL",
    "ENTRY")
    VALUES(sam_assessMetaData_id_s.nextVal, (SELECT ID FROM SAM_ASSESSMENTBASE_T WHERE TITLE='Default Assessment Type' AND TYPEID='142' AND ISTEMPLATE=1), 'authenticatedRelease_isInstructorEditable', 'true');

INSERT INTO SAM_ASSESSMETADATA_T ("ASSESSMENTMETADATAID", "ASSESSMENTID","LABEL",
    "ENTRY")
    VALUES(sam_assessMetaData_id_s.nextVal, (SELECT ID FROM SAM_ASSESSMENTBASE_T WHERE TITLE='Default Assessment Type' AND TYPEID='142' AND ISTEMPLATE=1), 'displayNumbering_isInstructorEditable', 'true');

INSERT INTO SAM_ASSESSMETADATA_T ("ASSESSMENTMETADATAID", "ASSESSMENTID","LABEL",
    "ENTRY")
    VALUES(sam_assessMetaData_id_s.nextVal, (SELECT ID FROM SAM_ASSESSMENTBASE_T WHERE TITLE='Default Assessment Type' AND TYPEID='142' AND ISTEMPLATE=1), 'submissionMessage_isInstructorEditable', 'true');

INSERT INTO SAM_ASSESSMETADATA_T ("ASSESSMENTMETADATAID", "ASSESSMENTID","LABEL",
    "ENTRY")
    VALUES(sam_assessMetaData_id_s.nextVal, (SELECT ID FROM SAM_ASSESSMENTBASE_T WHERE TITLE='Default Assessment Type' AND TYPEID='142' AND ISTEMPLATE=1), 'releaseDate_isInstructorEditable', 'true');

INSERT INTO SAM_ASSESSMETADATA_T ("ASSESSMENTMETADATAID", "ASSESSMENTID","LABEL",
    "ENTRY")
    VALUES(sam_assessMetaData_id_s.nextVal, (SELECT ID FROM SAM_ASSESSMENTBASE_T WHERE TITLE='Default Assessment Type' AND TYPEID='142' AND ISTEMPLATE=1), 'assessmentAuthor_isInstructorEditable', 'true');

INSERT INTO SAM_ASSESSMETADATA_T ("ASSESSMENTMETADATAID", "ASSESSMENTID","LABEL",
    "ENTRY")
    VALUES(sam_assessMetaData_id_s.nextVal, (SELECT ID FROM SAM_ASSESSMENTBASE_T WHERE TITLE='Default Assessment Type' AND TYPEID='142' AND ISTEMPLATE=1), 'passwordRequired_isInstructorEditable', 'true');

INSERT INTO SAM_ASSESSMETADATA_T ("ASSESSMENTMETADATAID", "ASSESSMENTID","LABEL",
    "ENTRY")
    VALUES(sam_assessMetaData_id_s.nextVal, (SELECT ID FROM SAM_ASSESSMENTBASE_T WHERE TITLE='Default Assessment Type' AND TYPEID='142' AND ISTEMPLATE=1), 'lockedBrowser_isInstructorEditable', 'true');
    
INSERT INTO SAM_ASSESSMETADATA_T ("ASSESSMENTMETADATAID", "ASSESSMENTID","LABEL",
    "ENTRY")
    VALUES(sam_assessMetaData_id_s.nextVal, (SELECT ID FROM SAM_ASSESSMENTBASE_T WHERE TITLE='Default Assessment Type' AND TYPEID='142' AND ISTEMPLATE=1), 'author', '');

INSERT INTO SAM_ASSESSMETADATA_T ("ASSESSMENTMETADATAID", "ASSESSMENTID","LABEL",
    "ENTRY")
    VALUES(sam_assessMetaData_id_s.nextVal, (SELECT ID FROM SAM_ASSESSMENTBASE_T WHERE TITLE='Default Assessment Type' AND TYPEID='142' AND ISTEMPLATE=1), 'submissionModel_isInstructorEditable', 'true');

INSERT INTO SAM_ASSESSMETADATA_T ("ASSESSMENTMETADATAID", "ASSESSMENTID","LABEL",
    "ENTRY")
    VALUES(sam_assessMetaData_id_s.nextVal, (SELECT ID FROM SAM_ASSESSMENTBASE_T WHERE TITLE='Default Assessment Type' AND TYPEID='142' AND ISTEMPLATE=1), 'ipAccessType_isInstructorEditable', 'true');

INSERT INTO SAM_ASSESSMETADATA_T ("ASSESSMENTMETADATAID", "ASSESSMENTID","LABEL",
    "ENTRY")
    VALUES(sam_assessMetaData_id_s.nextVal, (SELECT ID FROM SAM_ASSESSMENTBASE_T WHERE TITLE='Default Assessment Type' AND TYPEID='142' AND ISTEMPLATE=1), 'timedAssessment_isInstructorEditable', 'true');

INSERT INTO SAM_ASSESSMETADATA_T ("ASSESSMENTMETADATAID", "ASSESSMENTID","LABEL",
    "ENTRY")
    VALUES(sam_assessMetaData_id_s.nextVal, (SELECT ID FROM SAM_ASSESSMENTBASE_T WHERE TITLE='Default Assessment Type' AND TYPEID='142' AND ISTEMPLATE=1), 'metadataAssess_isInstructorEditable', 'true');

INSERT INTO SAM_ASSESSMETADATA_T ("ASSESSMENTMETADATAID", "ASSESSMENTID","LABEL",
    "ENTRY")
    VALUES(sam_assessMetaData_id_s.nextVal, (SELECT ID FROM SAM_ASSESSMENTBASE_T WHERE TITLE='Default Assessment Type' AND TYPEID='142' AND ISTEMPLATE=1), 'bgColor_isInstructorEditable', 'true');

INSERT INTO SAM_ASSESSMETADATA_T ("ASSESSMENTMETADATAID", "ASSESSMENTID","LABEL",
    "ENTRY")
    VALUES(sam_assessMetaData_id_s.nextVal, (SELECT ID FROM SAM_ASSESSMENTBASE_T WHERE TITLE='Default Assessment Type' AND TYPEID='142' AND ISTEMPLATE=1), 'testeeIdentity_isInstructorEditable', 'true');

INSERT INTO SAM_ASSESSMETADATA_T ("ASSESSMENTMETADATAID", "ASSESSMENTID","LABEL",
    "ENTRY")
    VALUES(sam_assessMetaData_id_s.nextVal, (SELECT ID FROM SAM_ASSESSMENTBASE_T WHERE TITLE='Default Assessment Type' AND TYPEID='142' AND ISTEMPLATE=1), 'templateInfo_isInstructorEditable', 'true');

INSERT INTO SAM_ASSESSMETADATA_T ("ASSESSMENTMETADATAID", "ASSESSMENTID","LABEL",
    "ENTRY")
    VALUES(sam_assessMetaData_id_s.nextVal, (SELECT ID FROM SAM_ASSESSMENTBASE_T WHERE TITLE='Default Assessment Type' AND TYPEID='142' AND ISTEMPLATE=1), 'itemAccessType_isInstructorEditable', 'true');

INSERT INTO SAM_ASSESSMETADATA_T ("ASSESSMENTMETADATAID", "ASSESSMENTID","LABEL",
    "ENTRY")
    VALUES(sam_assessMetaData_id_s.nextVal, (SELECT ID FROM SAM_ASSESSMENTBASE_T WHERE TITLE='Default Assessment Type' AND TYPEID='142' AND ISTEMPLATE=1), 'lateHandling_isInstructorEditable', 'true');

INSERT INTO SAM_ASSESSMETADATA_T ("ASSESSMENTMETADATAID", "ASSESSMENTID","LABEL",
    "ENTRY")
    VALUES(sam_assessMetaData_id_s.nextVal, (SELECT ID FROM SAM_ASSESSMENTBASE_T WHERE TITLE='Default Assessment Type' AND TYPEID='142' AND ISTEMPLATE=1), 'feedbackAuthoring_isInstructorEditable', 'true');
INSERT INTO SAM_ASSESSMETADATA_T ("ASSESSMENTMETADATAID", "ASSESSMENTID","LABEL",
    "ENTRY")
    VALUES(sam_assessMetaData_id_s.nextVal, (SELECT ID FROM SAM_ASSESSMENTBASE_T WHERE TITLE='Default Assessment Type' AND TYPEID='142' AND ISTEMPLATE=1), 'releaseTo', 'SITE_MEMBERS');

INSERT INTO SAM_ASSESSMETADATA_T ("ASSESSMENTMETADATAID", "ASSESSMENTID","LABEL",
     "ENTRY")
     VALUES(sam_assessMetaData_id_s.nextVal, 1, 'displayScores_isInstructorEditable', 'true');

INSERT INTO SAM_ASSESSMETADATA_T ("ASSESSMENTMETADATAID", "ASSESSMENTID","LABEL",
     "ENTRY")
     VALUES(sam_assessMetaData_id_s.nextVal, 1, 'honorpledge_isInstructorEditable', 'true');


-- 3. populate sam_functionData_t
INSERT INTO SAM_FUNCTIONDATA_T
        values (sam_functionId_s.nextval, 'take.published.assessment',
       'Take Assessment','Take Assessment', '81');
INSERT INTO SAM_FUNCTIONDATA_T
        values (sam_functionId_s.nextval, 'view.published.assessment',
        'View Assessment','View Assessment', '81');
INSERT INTO SAM_FUNCTIONDATA_T
        values (sam_functionId_s.nextval, 'submit.assessment',
       'Submit Assessment','Submit Assessment', '81');
INSERT INTO SAM_FUNCTIONDATA_T
        values (sam_functionId_s.nextval, 'submit.assessment.forgrade',
        'Submit Assessment For Grade','Submit Assessment For Grade', '81');

-- 6 new assessment types added in samigo 2.2 --
INSERT INTO SAM_ASSESSMENTBASE_T (ID ,ISTEMPLATE ,
    PARENTID ,TITLE ,DESCRIPTION ,COMMENTS,
    ASSESSMENTTEMPLATEID, TYPEID, INSTRUCTORNOTIFICATION,
    TESTEENOTIFICATION , MULTIPARTALLOWED, STATUS,
    CREATEDBY, CREATEDDATE, LASTMODIFIEDBY,
    LASTMODIFIEDDATE )
    VALUES (sam_assessmentBase_id_s.nextVal,1 ,0 ,'Formative Assessment' , 'System Defined Assessment Type', '', NULL
    ,'142' ,1 ,1 ,1 ,1 ,'admin' ,SYSDATE ,'admin' ,SYSDATE  )
;     

INSERT INTO SAM_ASSESSEVALUATION_T (ASSESSMENTID,
    EVALUATIONCOMPONENTS, SCORINGTYPE, NUMERICMODELID,
    FIXEDTOTALSCORE, GRADEAVAILABLE, ISSTUDENTIDPUBLIC,
    ANONYMOUSGRADING, AUTOSCORING,TOGRADEBOOK)
    VALUES ((SELECT ID FROM SAM_ASSESSMENTBASE_T WHERE TITLE='Formative Assessment'
     AND TYPEID='142' AND ISTEMPLATE=1),
     '' ,1 ,'' , NULL , NULL , NULL ,1 , NULL ,2  )
;
INSERT INTO SAM_ASSESSFEEDBACK_T (ASSESSMENTID,
    FEEDBACKDELIVERY, FEEDBACKAUTHORING, SHOWQUESTIONTEXT, SHOWSTUDENTRESPONSE,
    SHOWCORRECTRESPONSE, SHOWSTUDENTSCORE, SHOWSTUDENTQUESTIONSCORE,
    SHOWQUESTIONLEVELFEEDBACK, SHOWSELECTIONLEVELFEEDBACK,
    SHOWGRADERCOMMENTS, SHOWSTATISTICS, EDITCOMPONENTS, FEEDBACKCOMPONENTOPTION)
    VALUES ((SELECT ID FROM SAM_ASSESSMENTBASE_T WHERE TITLE='Formative Assessment'
     AND TYPEID='142' AND ISTEMPLATE=1),
      3 ,3, 1 ,0 ,0 ,0 ,0 ,0 ,0 ,0 ,0 ,1 ,2 )
;
INSERT INTO SAM_ASSESSACCESSCONTROL_T (ASSESSMENTID,
    SUBMISSIONSALLOWED, SUBMISSIONSSAVED, ASSESSMENTFORMAT,
    BOOKMARKINGITEM, TIMELIMIT, TIMEDASSESSMENT,
    RETRYALLOWED, LATEHANDLING, STARTDATE, DUEDATE,
    SCOREDATE, FEEDBACKDATE, RETRACTDATE, AUTOSUBMIT,
    ITEMNAVIGATION, ITEMNUMBERING, DISPLAYSCORE, SUBMISSIONMESSAGE,
    RELEASETO, PASSWORD, FINALPAGEURL,
    UNLIMITEDSUBMISSIONS)
    VALUES ((SELECT ID FROM SAM_ASSESSMENTBASE_T WHERE TITLE='Formative Assessment'
     AND TYPEID='142' AND ISTEMPLATE=1),
                      NULL,1 ,1 , NULL , NULL , NULL , NULL ,1 ,
                      NULL, NULL, NULL, NULL, NULL,
                      0 ,2 ,1 , 1, '' ,'' ,'' ,'' ,
                      1  )
;
INSERT INTO SAM_ASSESSMETADATA_T (ASSESSMENTMETADATAID, ASSESSMENTID, LABEL,
    ENTRY)
    VALUES(sam_assessMetaData_id_s.nextVal, (SELECT ID FROM SAM_ASSESSMENTBASE_T WHERE TITLE='Formative Assessment'
     AND TYPEID='142' AND ISTEMPLATE=1),
      'finalPageURL_isInstructorEditable', 'true')
;
INSERT INTO SAM_ASSESSMETADATA_T (ASSESSMENTMETADATAID, ASSESSMENTID, LABEL,
    ENTRY)
    VALUES(sam_assessMetaData_id_s.nextVal, (SELECT ID FROM SAM_ASSESSMENTBASE_T WHERE TITLE='Formative Assessment'
     AND TYPEID='142' AND ISTEMPLATE=1),
     'anonymousRelease_isInstructorEditable', 'true')
;
INSERT INTO SAM_ASSESSMETADATA_T (ASSESSMENTMETADATAID, ASSESSMENTID, LABEL,
    ENTRY)
    VALUES(sam_assessMetaData_id_s.nextVal, (SELECT ID FROM SAM_ASSESSMENTBASE_T WHERE TITLE='Formative Assessment'
     AND TYPEID='142' AND ISTEMPLATE=1),
      'dueDate_isInstructorEditable', 'true')
;
INSERT INTO SAM_ASSESSMETADATA_T (ASSESSMENTMETADATAID, ASSESSMENTID, LABEL,
    ENTRY)
    VALUES(sam_assessMetaData_id_s.nextVal, (SELECT ID FROM SAM_ASSESSMENTBASE_T WHERE TITLE='Formative Assessment'
     AND TYPEID='142' AND ISTEMPLATE=1),
      'description_isInstructorEditable', 'true')
;
INSERT INTO SAM_ASSESSMETADATA_T (ASSESSMENTMETADATAID, ASSESSMENTID, LABEL,
    ENTRY)
    VALUES(sam_assessMetaData_id_s.nextVal, (SELECT ID FROM SAM_ASSESSMENTBASE_T WHERE TITLE='Formative Assessment'
     AND TYPEID='142' AND ISTEMPLATE=1),
      'metadataQuestions_isInstructorEditable', 'true')
;
INSERT INTO SAM_ASSESSMETADATA_T (ASSESSMENTMETADATAID, ASSESSMENTID, LABEL,
    ENTRY)
    VALUES(sam_assessMetaData_id_s.nextVal, (SELECT ID FROM SAM_ASSESSMENTBASE_T WHERE TITLE='Formative Assessment'
     AND TYPEID='142' AND ISTEMPLATE=1),
     'bgImage_isInstructorEditable', 'true')
;
INSERT INTO SAM_ASSESSMETADATA_T (ASSESSMENTMETADATAID, ASSESSMENTID, LABEL,
    ENTRY)
    VALUES(sam_assessMetaData_id_s.nextVal, (SELECT ID FROM SAM_ASSESSMENTBASE_T WHERE TITLE='Formative Assessment'
     AND TYPEID='142' AND ISTEMPLATE=1),
      'feedbackComponents_isInstructorEditable', 'true')
;
INSERT INTO SAM_ASSESSMETADATA_T (ASSESSMENTMETADATAID, ASSESSMENTID, LABEL,
    ENTRY)
    VALUES(sam_assessMetaData_id_s.nextVal, (SELECT ID FROM SAM_ASSESSMENTBASE_T WHERE TITLE='Formative Assessment'
     AND TYPEID='142' AND ISTEMPLATE=1),
      'retractDate_isInstructorEditable', 'true')
;
INSERT INTO SAM_ASSESSMETADATA_T (ASSESSMENTMETADATAID, ASSESSMENTID, LABEL,
    ENTRY)
    VALUES(sam_assessMetaData_id_s.nextVal, (SELECT ID FROM SAM_ASSESSMENTBASE_T WHERE TITLE='Formative Assessment'
     AND TYPEID='142' AND ISTEMPLATE=1),
      'feedbackType_isInstructorEditable', 'true')
;
INSERT INTO SAM_ASSESSMETADATA_T (ASSESSMENTMETADATAID, ASSESSMENTID, LABEL,
    ENTRY)
    VALUES(sam_assessMetaData_id_s.nextVal, (SELECT ID FROM SAM_ASSESSMENTBASE_T WHERE TITLE='Formative Assessment'
     AND TYPEID='142' AND ISTEMPLATE=1),
      'timedAssessmentAutoSubmit_isInstructorEditable', 'true')
;
INSERT INTO SAM_ASSESSMETADATA_T (ASSESSMENTMETADATAID, ASSESSMENTID, LABEL,
    ENTRY)
    VALUES(sam_assessMetaData_id_s.nextVal, (SELECT ID FROM SAM_ASSESSMENTBASE_T WHERE TITLE='Formative Assessment'
     AND TYPEID='142' AND ISTEMPLATE=1),
      'toGradebook_isInstructorEditable', 'false')
;
INSERT INTO SAM_ASSESSMETADATA_T (ASSESSMENTMETADATAID, ASSESSMENTID, LABEL,
    ENTRY)
    VALUES(sam_assessMetaData_id_s.nextVal, (SELECT ID FROM SAM_ASSESSMENTBASE_T WHERE TITLE='Formative Assessment'
     AND TYPEID='142' AND ISTEMPLATE=1),
      'displayChunking_isInstructorEditable', 'true')
;
INSERT INTO SAM_ASSESSMETADATA_T (ASSESSMENTMETADATAID, ASSESSMENTID, LABEL,
    ENTRY)
    VALUES(sam_assessMetaData_id_s.nextVal, (SELECT ID FROM SAM_ASSESSMENTBASE_T WHERE TITLE='Formative Assessment'
     AND TYPEID='142' AND ISTEMPLATE=1),
      'recordedScore_isInstructorEditable', 'false')
;
INSERT INTO SAM_ASSESSMETADATA_T (ASSESSMENTMETADATAID, ASSESSMENTID, LABEL,
    ENTRY)
    VALUES(sam_assessMetaData_id_s.nextVal, (SELECT ID FROM SAM_ASSESSMENTBASE_T WHERE TITLE='Formative Assessment'
     AND TYPEID='142' AND ISTEMPLATE=1),
      'authenticatedRelease_isInstructorEditable', 'true')
;
INSERT INTO SAM_ASSESSMETADATA_T (ASSESSMENTMETADATAID, ASSESSMENTID, LABEL,
    ENTRY)
    VALUES(sam_assessMetaData_id_s.nextVal, (SELECT ID FROM SAM_ASSESSMENTBASE_T WHERE TITLE='Formative Assessment'
     AND TYPEID='142' AND ISTEMPLATE=1),
      'displayNumbering_isInstructorEditable', 'true')
;
INSERT INTO SAM_ASSESSMETADATA_T (ASSESSMENTMETADATAID, ASSESSMENTID, LABEL,
    ENTRY)
    VALUES(sam_assessMetaData_id_s.nextVal, (SELECT ID FROM SAM_ASSESSMENTBASE_T WHERE TITLE='Formative Assessment'
     AND TYPEID='142' AND ISTEMPLATE=1),
      'displayScores_isInstructorEditable', 'true')
;
INSERT INTO SAM_ASSESSMETADATA_T (ASSESSMENTMETADATAID, ASSESSMENTID, LABEL,
    ENTRY)
    VALUES(sam_assessMetaData_id_s.nextVal, (SELECT ID FROM SAM_ASSESSMENTBASE_T WHERE TITLE='Formative Assessment'
     AND TYPEID='142' AND ISTEMPLATE=1),
      'submissionMessage_isInstructorEditable', 'true')
;
INSERT INTO SAM_ASSESSMETADATA_T (ASSESSMENTMETADATAID, ASSESSMENTID, LABEL,
    ENTRY)
    VALUES(sam_assessMetaData_id_s.nextVal, (SELECT ID FROM SAM_ASSESSMENTBASE_T WHERE TITLE='Formative Assessment'
     AND TYPEID='142' AND ISTEMPLATE=1),
      'releaseDate_isInstructorEditable', 'true')
;
INSERT INTO SAM_ASSESSMETADATA_T (ASSESSMENTMETADATAID, ASSESSMENTID, LABEL,
    ENTRY)
    VALUES(sam_assessMetaData_id_s.nextVal, (SELECT ID FROM SAM_ASSESSMENTBASE_T WHERE TITLE='Formative Assessment'
     AND TYPEID='142' AND ISTEMPLATE=1),
      'assessmentAuthor_isInstructorEditable', 'true')
;
INSERT INTO SAM_ASSESSMETADATA_T (ASSESSMENTMETADATAID, ASSESSMENTID, LABEL,
    ENTRY)
    VALUES(sam_assessMetaData_id_s.nextVal, (SELECT ID FROM SAM_ASSESSMENTBASE_T WHERE TITLE='Formative Assessment'
     AND TYPEID='142' AND ISTEMPLATE=1),
      'passwordRequired_isInstructorEditable', 'false')
;
INSERT INTO SAM_ASSESSMETADATA_T (ASSESSMENTMETADATAID, ASSESSMENTID, LABEL,
    ENTRY)
    VALUES(sam_assessMetaData_id_s.nextVal, (SELECT ID FROM SAM_ASSESSMENTBASE_T WHERE TITLE='Formative Assessment'
     AND TYPEID='142' AND ISTEMPLATE=1),
      'author', '')
;
INSERT INTO SAM_ASSESSMETADATA_T (ASSESSMENTMETADATAID, ASSESSMENTID, LABEL,
    ENTRY)
    VALUES(sam_assessMetaData_id_s.nextVal, (SELECT ID FROM SAM_ASSESSMENTBASE_T WHERE TITLE='Formative Assessment'
     AND TYPEID='142' AND ISTEMPLATE=1),
      'submissionModel_isInstructorEditable', 'true')
;
INSERT INTO SAM_ASSESSMETADATA_T (ASSESSMENTMETADATAID, ASSESSMENTID, LABEL,
    ENTRY)
    VALUES(sam_assessMetaData_id_s.nextVal, (SELECT ID FROM SAM_ASSESSMENTBASE_T WHERE TITLE='Formative Assessment'
     AND TYPEID='142' AND ISTEMPLATE=1),
      'ipAccessType_isInstructorEditable', 'false')
;
INSERT INTO SAM_ASSESSMETADATA_T (ASSESSMENTMETADATAID, ASSESSMENTID, LABEL,
    ENTRY)
    VALUES(sam_assessMetaData_id_s.nextVal, (SELECT ID FROM SAM_ASSESSMENTBASE_T WHERE TITLE='Formative Assessment'
     AND TYPEID='142' AND ISTEMPLATE=1),
      'timedAssessment_isInstructorEditable', 'true')
;
INSERT INTO SAM_ASSESSMETADATA_T (ASSESSMENTMETADATAID, ASSESSMENTID, LABEL,
    ENTRY)
    VALUES(sam_assessMetaData_id_s.nextVal, (SELECT ID FROM SAM_ASSESSMENTBASE_T WHERE TITLE='Formative Assessment'
     AND TYPEID='142' AND ISTEMPLATE=1),
      'metadataAssess_isInstructorEditable', 'true')
;
INSERT INTO SAM_ASSESSMETADATA_T (ASSESSMENTMETADATAID, ASSESSMENTID, LABEL,
    ENTRY)
    VALUES(sam_assessMetaData_id_s.nextVal, (SELECT ID FROM SAM_ASSESSMENTBASE_T WHERE TITLE='Formative Assessment'
     AND TYPEID='142' AND ISTEMPLATE=1),
      'bgColor_isInstructorEditable', 'true')
;
INSERT INTO SAM_ASSESSMETADATA_T (ASSESSMENTMETADATAID, ASSESSMENTID, LABEL,
    ENTRY)
    VALUES(sam_assessMetaData_id_s.nextVal, (SELECT ID FROM SAM_ASSESSMENTBASE_T WHERE TITLE='Formative Assessment'
     AND TYPEID='142' AND ISTEMPLATE=1),
      'testeeIdentity_isInstructorEditable', 'false')
;
INSERT INTO SAM_ASSESSMETADATA_T (ASSESSMENTMETADATAID, ASSESSMENTID, LABEL,
    ENTRY)
    VALUES(sam_assessMetaData_id_s.nextVal, (SELECT ID FROM SAM_ASSESSMENTBASE_T WHERE TITLE='Formative Assessment'
     AND TYPEID='142' AND ISTEMPLATE=1),
      'templateInfo_isInstructorEditable', 'true')
;
INSERT INTO SAM_ASSESSMETADATA_T (ASSESSMENTMETADATAID, ASSESSMENTID, LABEL,
    ENTRY)
    VALUES(sam_assessMetaData_id_s.nextVal, (SELECT ID FROM SAM_ASSESSMENTBASE_T WHERE TITLE='Formative Assessment'
     AND TYPEID='142' AND ISTEMPLATE=1),
      'itemAccessType_isInstructorEditable', 'true')
;
INSERT INTO SAM_ASSESSMETADATA_T (ASSESSMENTMETADATAID, ASSESSMENTID, LABEL,
    ENTRY)
    VALUES(sam_assessMetaData_id_s.nextVal, (SELECT ID FROM SAM_ASSESSMENTBASE_T WHERE TITLE='Formative Assessment'
     AND TYPEID='142' AND ISTEMPLATE=1),
      'lateHandling_isInstructorEditable', 'false')
;
INSERT INTO SAM_ASSESSMETADATA_T (ASSESSMENTMETADATAID, ASSESSMENTID, LABEL,
    ENTRY)
    VALUES(sam_assessMetaData_id_s.nextVal, (SELECT ID FROM SAM_ASSESSMENTBASE_T WHERE TITLE='Formative Assessment'
     AND TYPEID='142' AND ISTEMPLATE=1),
      'feedbackAuthoring_isInstructorEditable', 'true')
;
INSERT INTO SAM_ASSESSMETADATA_T (ASSESSMENTMETADATAID, ASSESSMENTID, LABEL,
    ENTRY)
    VALUES(sam_assessMetaData_id_s.nextVal, (SELECT ID FROM SAM_ASSESSMENTBASE_T WHERE TITLE='Formative Assessment'
     AND TYPEID='142' AND ISTEMPLATE=1),
      'releaseTo', 'SITE_MEMBERS')
;
INSERT INTO SAM_ASSESSMETADATA_T (ASSESSMENTMETADATAID, ASSESSMENTID, LABEL,
    ENTRY)
    VALUES(sam_assessMetaData_id_s.nextVal, (SELECT ID FROM SAM_ASSESSMENTBASE_T WHERE TITLE='Formative Assessment'
     AND TYPEID='142' AND ISTEMPLATE=1),
      'honorpledge_isInstructorEditable', 'true')
;

INSERT INTO SAM_ASSESSMENTBASE_T (ID ,ISTEMPLATE ,
    PARENTID ,TITLE ,DESCRIPTION ,COMMENTS,
    ASSESSMENTTEMPLATEID, TYPEID, INSTRUCTORNOTIFICATION,
    TESTEENOTIFICATION , MULTIPARTALLOWED, STATUS,
    CREATEDBY, CREATEDDATE, LASTMODIFIEDBY,
    LASTMODIFIEDDATE )
    VALUES (sam_assessmentBase_id_s.nextVal,1 ,0 ,'Quiz' , 'System Defined Assessment Type', '', NULL
    ,'142' ,1 ,1 ,1 ,1 ,'admin' ,SYSDATE ,'admin' ,SYSDATE  )
;     

INSERT INTO SAM_ASSESSEVALUATION_T (ASSESSMENTID,
    EVALUATIONCOMPONENTS, SCORINGTYPE, NUMERICMODELID,
    FIXEDTOTALSCORE, GRADEAVAILABLE, ISSTUDENTIDPUBLIC,
    ANONYMOUSGRADING, AUTOSCORING,TOGRADEBOOK)
    VALUES ((SELECT ID FROM SAM_ASSESSMENTBASE_T WHERE TITLE='Quiz'
     AND TYPEID='142' AND ISTEMPLATE=1),
     '' ,1 ,'' , NULL , NULL , NULL ,2 , NULL ,2  )
;
INSERT INTO SAM_ASSESSFEEDBACK_T (ASSESSMENTID,
    FEEDBACKDELIVERY, FEEDBACKAUTHORING, SHOWQUESTIONTEXT, SHOWSTUDENTRESPONSE,
    SHOWCORRECTRESPONSE, SHOWSTUDENTSCORE, SHOWSTUDENTQUESTIONSCORE,
    SHOWQUESTIONLEVELFEEDBACK, SHOWSELECTIONLEVELFEEDBACK,
    SHOWGRADERCOMMENTS, SHOWSTATISTICS, EDITCOMPONENTS, FEEDBACKCOMPONENTOPTION)
    VALUES ((SELECT ID FROM SAM_ASSESSMENTBASE_T WHERE TITLE='Quiz'
     AND TYPEID='142' AND ISTEMPLATE=1),
      3 ,1, 1 ,0 ,0 ,0 ,0 ,0 ,0 ,0 ,0 ,1 ,2 )
;
INSERT INTO SAM_ASSESSACCESSCONTROL_T (ASSESSMENTID,
    SUBMISSIONSALLOWED, SUBMISSIONSSAVED, ASSESSMENTFORMAT,
    BOOKMARKINGITEM, TIMELIMIT, TIMEDASSESSMENT,
    RETRYALLOWED, LATEHANDLING, STARTDATE, DUEDATE,
    SCOREDATE, FEEDBACKDATE, RETRACTDATE, AUTOSUBMIT,
    ITEMNAVIGATION, ITEMNUMBERING, DISPLAYSCORE, SUBMISSIONMESSAGE,
    RELEASETO, PASSWORD, FINALPAGEURL,
    UNLIMITEDSUBMISSIONS)
    VALUES ((SELECT ID FROM SAM_ASSESSMENTBASE_T WHERE TITLE='Quiz'
     AND TYPEID='142' AND ISTEMPLATE=1),
                      1,1 ,3 , NULL , NULL , NULL , NULL ,2 ,
                      NULL, NULL, NULL, NULL, NULL,
                      0 ,1 ,1 , 1, '' ,'' ,'' ,'' ,
                      0  )
;
INSERT INTO SAM_ASSESSMETADATA_T (ASSESSMENTMETADATAID, ASSESSMENTID, LABEL,
    ENTRY)
    VALUES(sam_assessMetaData_id_s.nextVal, (SELECT ID FROM SAM_ASSESSMENTBASE_T WHERE TITLE='Quiz'
     AND TYPEID='142' AND ISTEMPLATE=1),
      'finalPageURL_isInstructorEditable', 'true')
;
INSERT INTO SAM_ASSESSMETADATA_T (ASSESSMENTMETADATAID, ASSESSMENTID, LABEL,
    ENTRY)
    VALUES(sam_assessMetaData_id_s.nextVal, (SELECT ID FROM SAM_ASSESSMENTBASE_T WHERE TITLE='Quiz'
     AND TYPEID='142' AND ISTEMPLATE=1),
     'anonymousRelease_isInstructorEditable', 'false')
;
INSERT INTO SAM_ASSESSMETADATA_T (ASSESSMENTMETADATAID, ASSESSMENTID, LABEL,
    ENTRY)
    VALUES(sam_assessMetaData_id_s.nextVal, (SELECT ID FROM SAM_ASSESSMENTBASE_T WHERE TITLE='Quiz'
     AND TYPEID='142' AND ISTEMPLATE=1),
      'dueDate_isInstructorEditable', 'true')
;
INSERT INTO SAM_ASSESSMETADATA_T (ASSESSMENTMETADATAID, ASSESSMENTID, LABEL,
    ENTRY)
    VALUES(sam_assessMetaData_id_s.nextVal, (SELECT ID FROM SAM_ASSESSMENTBASE_T WHERE TITLE='Quiz'
     AND TYPEID='142' AND ISTEMPLATE=1),
      'description_isInstructorEditable', 'true')
;
INSERT INTO SAM_ASSESSMETADATA_T (ASSESSMENTMETADATAID, ASSESSMENTID, LABEL,
    ENTRY)
    VALUES(sam_assessMetaData_id_s.nextVal, (SELECT ID FROM SAM_ASSESSMENTBASE_T WHERE TITLE='Quiz'
     AND TYPEID='142' AND ISTEMPLATE=1),
      'metadataQuestions_isInstructorEditable', 'true')
;
INSERT INTO SAM_ASSESSMETADATA_T (ASSESSMENTMETADATAID, ASSESSMENTID, LABEL,
    ENTRY)
    VALUES(sam_assessMetaData_id_s.nextVal, (SELECT ID FROM SAM_ASSESSMENTBASE_T WHERE TITLE='Quiz'
     AND TYPEID='142' AND ISTEMPLATE=1),
     'bgImage_isInstructorEditable', 'true')
;
INSERT INTO SAM_ASSESSMETADATA_T (ASSESSMENTMETADATAID, ASSESSMENTID, LABEL,
    ENTRY)
    VALUES(sam_assessMetaData_id_s.nextVal, (SELECT ID FROM SAM_ASSESSMENTBASE_T WHERE TITLE='Quiz'
     AND TYPEID='142' AND ISTEMPLATE=1),
      'feedbackComponents_isInstructorEditable', 'true')
;
INSERT INTO SAM_ASSESSMETADATA_T (ASSESSMENTMETADATAID, ASSESSMENTID, LABEL,
    ENTRY)
    VALUES(sam_assessMetaData_id_s.nextVal, (SELECT ID FROM SAM_ASSESSMENTBASE_T WHERE TITLE='Quiz'
     AND TYPEID='142' AND ISTEMPLATE=1),
      'retractDate_isInstructorEditable', 'true')
;
INSERT INTO SAM_ASSESSMETADATA_T (ASSESSMENTMETADATAID, ASSESSMENTID, LABEL,
    ENTRY)
    VALUES(sam_assessMetaData_id_s.nextVal, (SELECT ID FROM SAM_ASSESSMENTBASE_T WHERE TITLE='Quiz'
     AND TYPEID='142' AND ISTEMPLATE=1),
      'feedbackType_isInstructorEditable', 'true')
;
INSERT INTO SAM_ASSESSMETADATA_T (ASSESSMENTMETADATAID, ASSESSMENTID, LABEL,
    ENTRY)
    VALUES(sam_assessMetaData_id_s.nextVal, (SELECT ID FROM SAM_ASSESSMENTBASE_T WHERE TITLE='Quiz'
     AND TYPEID='142' AND ISTEMPLATE=1),
      'timedAssessmentAutoSubmit_isInstructorEditable', 'false')
;
INSERT INTO SAM_ASSESSMETADATA_T (ASSESSMENTMETADATAID, ASSESSMENTID, LABEL,
    ENTRY)
    VALUES(sam_assessMetaData_id_s.nextVal, (SELECT ID FROM SAM_ASSESSMENTBASE_T WHERE TITLE='Quiz'
     AND TYPEID='142' AND ISTEMPLATE=1),
      'toGradebook_isInstructorEditable', 'true')
;
INSERT INTO SAM_ASSESSMETADATA_T (ASSESSMENTMETADATAID, ASSESSMENTID, LABEL,
    ENTRY)
    VALUES(sam_assessMetaData_id_s.nextVal, (SELECT ID FROM SAM_ASSESSMENTBASE_T WHERE TITLE='Quiz'
     AND TYPEID='142' AND ISTEMPLATE=1),
      'displayChunking_isInstructorEditable', 'true')
;
INSERT INTO SAM_ASSESSMETADATA_T (ASSESSMENTMETADATAID, ASSESSMENTID, LABEL,
    ENTRY)
    VALUES(sam_assessMetaData_id_s.nextVal, (SELECT ID FROM SAM_ASSESSMENTBASE_T WHERE TITLE='Quiz'
     AND TYPEID='142' AND ISTEMPLATE=1),
      'recordedScore_isInstructorEditable', 'false')
;
INSERT INTO SAM_ASSESSMETADATA_T (ASSESSMENTMETADATAID, ASSESSMENTID, LABEL,
    ENTRY)
    VALUES(sam_assessMetaData_id_s.nextVal, (SELECT ID FROM SAM_ASSESSMENTBASE_T WHERE TITLE='Quiz'
     AND TYPEID='142' AND ISTEMPLATE=1),
      'authenticatedRelease_isInstructorEditable', 'true')
;
INSERT INTO SAM_ASSESSMETADATA_T (ASSESSMENTMETADATAID, ASSESSMENTID, LABEL,
    ENTRY)
    VALUES(sam_assessMetaData_id_s.nextVal, (SELECT ID FROM SAM_ASSESSMENTBASE_T WHERE TITLE='Quiz'
     AND TYPEID='142' AND ISTEMPLATE=1),
      'displayNumbering_isInstructorEditable', 'true')
;
INSERT INTO SAM_ASSESSMETADATA_T (ASSESSMENTMETADATAID, ASSESSMENTID, LABEL,
    ENTRY)
    VALUES(sam_assessMetaData_id_s.nextVal, (SELECT ID FROM SAM_ASSESSMENTBASE_T WHERE TITLE='Quiz'
     AND TYPEID='142' AND ISTEMPLATE=1),
      'displayScores_isInstructorEditable', 'true')
;
INSERT INTO SAM_ASSESSMETADATA_T (ASSESSMENTMETADATAID, ASSESSMENTID, LABEL,
    ENTRY)
    VALUES(sam_assessMetaData_id_s.nextVal, (SELECT ID FROM SAM_ASSESSMENTBASE_T WHERE TITLE='Quiz'
     AND TYPEID='142' AND ISTEMPLATE=1),
      'submissionMessage_isInstructorEditable', 'true')
;
INSERT INTO SAM_ASSESSMETADATA_T (ASSESSMENTMETADATAID, ASSESSMENTID, LABEL,
    ENTRY)
    VALUES(sam_assessMetaData_id_s.nextVal, (SELECT ID FROM SAM_ASSESSMENTBASE_T WHERE TITLE='Quiz'
     AND TYPEID='142' AND ISTEMPLATE=1),
      'releaseDate_isInstructorEditable', 'true')
;
INSERT INTO SAM_ASSESSMETADATA_T (ASSESSMENTMETADATAID, ASSESSMENTID, LABEL,
    ENTRY)
    VALUES(sam_assessMetaData_id_s.nextVal, (SELECT ID FROM SAM_ASSESSMENTBASE_T WHERE TITLE='Quiz'
     AND TYPEID='142' AND ISTEMPLATE=1),
      'assessmentAuthor_isInstructorEditable', 'true')
;
INSERT INTO SAM_ASSESSMETADATA_T (ASSESSMENTMETADATAID, ASSESSMENTID, LABEL,
    ENTRY)
    VALUES(sam_assessMetaData_id_s.nextVal, (SELECT ID FROM SAM_ASSESSMENTBASE_T WHERE TITLE='Quiz'
     AND TYPEID='142' AND ISTEMPLATE=1),
      'passwordRequired_isInstructorEditable', 'false')
;
INSERT INTO SAM_ASSESSMETADATA_T (ASSESSMENTMETADATAID, ASSESSMENTID, LABEL,
    ENTRY)
    VALUES(sam_assessMetaData_id_s.nextVal, (SELECT ID FROM SAM_ASSESSMENTBASE_T WHERE TITLE='Quiz'
     AND TYPEID='142' AND ISTEMPLATE=1),
      'author', '')
;
INSERT INTO SAM_ASSESSMETADATA_T (ASSESSMENTMETADATAID, ASSESSMENTID, LABEL,
    ENTRY)
    VALUES(sam_assessMetaData_id_s.nextVal, (SELECT ID FROM SAM_ASSESSMENTBASE_T WHERE TITLE='Quiz'
     AND TYPEID='142' AND ISTEMPLATE=1),
      'submissionModel_isInstructorEditable', 'true')
;
INSERT INTO SAM_ASSESSMETADATA_T (ASSESSMENTMETADATAID, ASSESSMENTID, LABEL,
    ENTRY)
    VALUES(sam_assessMetaData_id_s.nextVal, (SELECT ID FROM SAM_ASSESSMENTBASE_T WHERE TITLE='Quiz'
     AND TYPEID='142' AND ISTEMPLATE=1),
      'ipAccessType_isInstructorEditable', 'false')
;
INSERT INTO SAM_ASSESSMETADATA_T (ASSESSMENTMETADATAID, ASSESSMENTID, LABEL,
    ENTRY)
    VALUES(sam_assessMetaData_id_s.nextVal, (SELECT ID FROM SAM_ASSESSMENTBASE_T WHERE TITLE='Quiz'
     AND TYPEID='142' AND ISTEMPLATE=1),
      'timedAssessment_isInstructorEditable', 'false')
;
INSERT INTO SAM_ASSESSMETADATA_T (ASSESSMENTMETADATAID, ASSESSMENTID, LABEL,
    ENTRY)
    VALUES(sam_assessMetaData_id_s.nextVal, (SELECT ID FROM SAM_ASSESSMENTBASE_T WHERE TITLE='Quiz'
     AND TYPEID='142' AND ISTEMPLATE=1),
      'metadataAssess_isInstructorEditable', 'true')
;
INSERT INTO SAM_ASSESSMETADATA_T (ASSESSMENTMETADATAID, ASSESSMENTID, LABEL,
    ENTRY)
    VALUES(sam_assessMetaData_id_s.nextVal, (SELECT ID FROM SAM_ASSESSMENTBASE_T WHERE TITLE='Quiz'
     AND TYPEID='142' AND ISTEMPLATE=1),
      'bgColor_isInstructorEditable', 'true')
;
INSERT INTO SAM_ASSESSMETADATA_T (ASSESSMENTMETADATAID, ASSESSMENTID, LABEL,
    ENTRY)
    VALUES(sam_assessMetaData_id_s.nextVal, (SELECT ID FROM SAM_ASSESSMENTBASE_T WHERE TITLE='Quiz'
     AND TYPEID='142' AND ISTEMPLATE=1),
      'testeeIdentity_isInstructorEditable', 'true')
;
INSERT INTO SAM_ASSESSMETADATA_T (ASSESSMENTMETADATAID, ASSESSMENTID, LABEL,
    ENTRY)
    VALUES(sam_assessMetaData_id_s.nextVal, (SELECT ID FROM SAM_ASSESSMENTBASE_T WHERE TITLE='Quiz'
     AND TYPEID='142' AND ISTEMPLATE=1),
      'templateInfo_isInstructorEditable', 'true')
;
INSERT INTO SAM_ASSESSMETADATA_T (ASSESSMENTMETADATAID, ASSESSMENTID, LABEL,
    ENTRY)
    VALUES(sam_assessMetaData_id_s.nextVal, (SELECT ID FROM SAM_ASSESSMENTBASE_T WHERE TITLE='Quiz'
     AND TYPEID='142' AND ISTEMPLATE=1),
      'itemAccessType_isInstructorEditable', 'true')
;
INSERT INTO SAM_ASSESSMETADATA_T (ASSESSMENTMETADATAID, ASSESSMENTID, LABEL,
    ENTRY)
    VALUES(sam_assessMetaData_id_s.nextVal, (SELECT ID FROM SAM_ASSESSMENTBASE_T WHERE TITLE='Quiz'
     AND TYPEID='142' AND ISTEMPLATE=1),
      'lateHandling_isInstructorEditable', 'true')
;
INSERT INTO SAM_ASSESSMETADATA_T (ASSESSMENTMETADATAID, ASSESSMENTID, LABEL,
    ENTRY)
    VALUES(sam_assessMetaData_id_s.nextVal, (SELECT ID FROM SAM_ASSESSMENTBASE_T WHERE TITLE='Quiz'
     AND TYPEID='142' AND ISTEMPLATE=1),
      'feedbackAuthoring_isInstructorEditable', 'true')
;
INSERT INTO SAM_ASSESSMETADATA_T (ASSESSMENTMETADATAID, ASSESSMENTID, LABEL,
    ENTRY)
    VALUES(sam_assessMetaData_id_s.nextVal, (SELECT ID FROM SAM_ASSESSMENTBASE_T WHERE TITLE='Quiz'
     AND TYPEID='142' AND ISTEMPLATE=1),
      'releaseTo', 'SITE_MEMBERS')
;
INSERT INTO SAM_ASSESSMETADATA_T (ASSESSMENTMETADATAID, ASSESSMENTID, LABEL,
    ENTRY)
    VALUES(sam_assessMetaData_id_s.nextVal, (SELECT ID FROM SAM_ASSESSMENTBASE_T WHERE TITLE='Quiz'
     AND TYPEID='142' AND ISTEMPLATE=1),
      'honorpledge_isInstructorEditable', 'true')
;


INSERT INTO SAM_ASSESSMENTBASE_T (ID ,ISTEMPLATE ,
    PARENTID ,TITLE ,DESCRIPTION ,COMMENTS,
    ASSESSMENTTEMPLATEID, TYPEID, INSTRUCTORNOTIFICATION,
    TESTEENOTIFICATION , MULTIPARTALLOWED, STATUS,
    CREATEDBY, CREATEDDATE, LASTMODIFIEDBY,
    LASTMODIFIEDDATE )
    VALUES (sam_assessmentBase_id_s.nextVal,1 ,0 ,'Problem Set' , 'System Defined Assessment Type', '', NULL
    ,'142' ,1 ,1 ,1 ,1 ,'admin' ,SYSDATE ,'admin' ,SYSDATE  )
;     

INSERT INTO SAM_ASSESSEVALUATION_T (ASSESSMENTID,
    EVALUATIONCOMPONENTS, SCORINGTYPE, NUMERICMODELID,
    FIXEDTOTALSCORE, GRADEAVAILABLE, ISSTUDENTIDPUBLIC,
    ANONYMOUSGRADING, AUTOSCORING,TOGRADEBOOK)
    VALUES ((SELECT ID FROM SAM_ASSESSMENTBASE_T WHERE TITLE='Problem Set'
     AND TYPEID='142' AND ISTEMPLATE=1),
     '' ,1 ,'' , NULL , NULL , NULL ,2 , NULL ,2  )
;
INSERT INTO SAM_ASSESSFEEDBACK_T (ASSESSMENTID,
    FEEDBACKDELIVERY, FEEDBACKAUTHORING, SHOWQUESTIONTEXT, SHOWSTUDENTRESPONSE,
    SHOWCORRECTRESPONSE, SHOWSTUDENTSCORE, SHOWSTUDENTQUESTIONSCORE,
    SHOWQUESTIONLEVELFEEDBACK, SHOWSELECTIONLEVELFEEDBACK,
    SHOWGRADERCOMMENTS, SHOWSTATISTICS, EDITCOMPONENTS, FEEDBACKCOMPONENTOPTION)
    VALUES ((SELECT ID FROM SAM_ASSESSMENTBASE_T WHERE TITLE='Problem Set'
     AND TYPEID='142' AND ISTEMPLATE=1),
      3 ,1, 1 ,0 ,0 ,0 ,0 ,0 ,0 ,0 ,0 ,1 ,2 )
;
INSERT INTO SAM_ASSESSACCESSCONTROL_T (ASSESSMENTID,
    SUBMISSIONSALLOWED, SUBMISSIONSSAVED, ASSESSMENTFORMAT,
    BOOKMARKINGITEM, TIMELIMIT, TIMEDASSESSMENT,
    RETRYALLOWED, LATEHANDLING, STARTDATE, DUEDATE,
    SCOREDATE, FEEDBACKDATE, RETRACTDATE, AUTOSUBMIT,
    ITEMNAVIGATION, ITEMNUMBERING, DISPLAYSCORE, SUBMISSIONMESSAGE,
    RELEASETO, PASSWORD, FINALPAGEURL,
    UNLIMITEDSUBMISSIONS)
    VALUES ((SELECT ID FROM SAM_ASSESSMENTBASE_T WHERE TITLE='Problem Set'
     AND TYPEID='142' AND ISTEMPLATE=1),
                      NULL,1 ,2 , NULL , NULL , NULL , NULL ,1 ,
                      NULL, NULL, NULL, NULL, NULL,
                      0 ,2 ,1 , 1, '' ,'' ,'' ,'' ,
                      1  )
;
INSERT INTO SAM_ASSESSMETADATA_T (ASSESSMENTMETADATAID, ASSESSMENTID, LABEL,
    ENTRY)
    VALUES(sam_assessMetaData_id_s.nextVal, (SELECT ID FROM SAM_ASSESSMENTBASE_T WHERE TITLE='Problem Set'
     AND TYPEID='142' AND ISTEMPLATE=1),
      'finalPageURL_isInstructorEditable', 'true')
;
INSERT INTO SAM_ASSESSMETADATA_T (ASSESSMENTMETADATAID, ASSESSMENTID, LABEL,
    ENTRY)
    VALUES(sam_assessMetaData_id_s.nextVal, (SELECT ID FROM SAM_ASSESSMENTBASE_T WHERE TITLE='Problem Set'
     AND TYPEID='142' AND ISTEMPLATE=1),
     'anonymousRelease_isInstructorEditable', 'false')
;
INSERT INTO SAM_ASSESSMETADATA_T (ASSESSMENTMETADATAID, ASSESSMENTID, LABEL,
    ENTRY)
    VALUES(sam_assessMetaData_id_s.nextVal, (SELECT ID FROM SAM_ASSESSMENTBASE_T WHERE TITLE='Problem Set'
     AND TYPEID='142' AND ISTEMPLATE=1),
      'dueDate_isInstructorEditable', 'true')
;
INSERT INTO SAM_ASSESSMETADATA_T (ASSESSMENTMETADATAID, ASSESSMENTID, LABEL,
    ENTRY)
    VALUES(sam_assessMetaData_id_s.nextVal, (SELECT ID FROM SAM_ASSESSMENTBASE_T WHERE TITLE='Problem Set'
     AND TYPEID='142' AND ISTEMPLATE=1),
      'description_isInstructorEditable', 'true')
;
INSERT INTO SAM_ASSESSMETADATA_T (ASSESSMENTMETADATAID, ASSESSMENTID, LABEL,
    ENTRY)
    VALUES(sam_assessMetaData_id_s.nextVal, (SELECT ID FROM SAM_ASSESSMENTBASE_T WHERE TITLE='Problem Set'
     AND TYPEID='142' AND ISTEMPLATE=1),
      'metadataQuestions_isInstructorEditable', 'true')
;
INSERT INTO SAM_ASSESSMETADATA_T (ASSESSMENTMETADATAID, ASSESSMENTID, LABEL,
    ENTRY)
    VALUES(sam_assessMetaData_id_s.nextVal, (SELECT ID FROM SAM_ASSESSMENTBASE_T WHERE TITLE='Problem Set'
     AND TYPEID='142' AND ISTEMPLATE=1),
     'bgImage_isInstructorEditable', 'true')
;
INSERT INTO SAM_ASSESSMETADATA_T (ASSESSMENTMETADATAID, ASSESSMENTID, LABEL,
    ENTRY)
    VALUES(sam_assessMetaData_id_s.nextVal, (SELECT ID FROM SAM_ASSESSMENTBASE_T WHERE TITLE='Problem Set'
     AND TYPEID='142' AND ISTEMPLATE=1),
      'feedbackComponents_isInstructorEditable', 'true')
;
INSERT INTO SAM_ASSESSMETADATA_T (ASSESSMENTMETADATAID, ASSESSMENTID, LABEL,
    ENTRY)
    VALUES(sam_assessMetaData_id_s.nextVal, (SELECT ID FROM SAM_ASSESSMENTBASE_T WHERE TITLE='Problem Set'
     AND TYPEID='142' AND ISTEMPLATE=1),
      'retractDate_isInstructorEditable', 'true')
;
INSERT INTO SAM_ASSESSMETADATA_T (ASSESSMENTMETADATAID, ASSESSMENTID, LABEL,
    ENTRY)
    VALUES(sam_assessMetaData_id_s.nextVal, (SELECT ID FROM SAM_ASSESSMENTBASE_T WHERE TITLE='Problem Set'
     AND TYPEID='142' AND ISTEMPLATE=1),
      'feedbackType_isInstructorEditable', 'true')
;
INSERT INTO SAM_ASSESSMETADATA_T (ASSESSMENTMETADATAID, ASSESSMENTID, LABEL,
    ENTRY)
    VALUES(sam_assessMetaData_id_s.nextVal, (SELECT ID FROM SAM_ASSESSMENTBASE_T WHERE TITLE='Problem Set'
     AND TYPEID='142' AND ISTEMPLATE=1),
      'timedAssessmentAutoSubmit_isInstructorEditable', 'false')
;
INSERT INTO SAM_ASSESSMETADATA_T (ASSESSMENTMETADATAID, ASSESSMENTID, LABEL,
    ENTRY)
    VALUES(sam_assessMetaData_id_s.nextVal, (SELECT ID FROM SAM_ASSESSMENTBASE_T WHERE TITLE='Problem Set'
     AND TYPEID='142' AND ISTEMPLATE=1),
      'toGradebook_isInstructorEditable', 'true')
;
INSERT INTO SAM_ASSESSMETADATA_T (ASSESSMENTMETADATAID, ASSESSMENTID, LABEL,
    ENTRY)
    VALUES(sam_assessMetaData_id_s.nextVal, (SELECT ID FROM SAM_ASSESSMENTBASE_T WHERE TITLE='Problem Set'
     AND TYPEID='142' AND ISTEMPLATE=1),
      'displayChunking_isInstructorEditable', 'true')
;
INSERT INTO SAM_ASSESSMETADATA_T (ASSESSMENTMETADATAID, ASSESSMENTID, LABEL,
    ENTRY)
    VALUES(sam_assessMetaData_id_s.nextVal, (SELECT ID FROM SAM_ASSESSMENTBASE_T WHERE TITLE='Problem Set'
     AND TYPEID='142' AND ISTEMPLATE=1),
      'recordedScore_isInstructorEditable', 'true')
;
INSERT INTO SAM_ASSESSMETADATA_T (ASSESSMENTMETADATAID, ASSESSMENTID, LABEL,
    ENTRY)
    VALUES(sam_assessMetaData_id_s.nextVal, (SELECT ID FROM SAM_ASSESSMENTBASE_T WHERE TITLE='Problem Set'
     AND TYPEID='142' AND ISTEMPLATE=1),
      'authenticatedRelease_isInstructorEditable', 'true')
;
INSERT INTO SAM_ASSESSMETADATA_T (ASSESSMENTMETADATAID, ASSESSMENTID, LABEL,
    ENTRY)
    VALUES(sam_assessMetaData_id_s.nextVal, (SELECT ID FROM SAM_ASSESSMENTBASE_T WHERE TITLE='Problem Set'
     AND TYPEID='142' AND ISTEMPLATE=1),
      'displayNumbering_isInstructorEditable', 'true')
;
INSERT INTO SAM_ASSESSMETADATA_T (ASSESSMENTMETADATAID, ASSESSMENTID, LABEL,
    ENTRY)
    VALUES(sam_assessMetaData_id_s.nextVal, (SELECT ID FROM SAM_ASSESSMENTBASE_T WHERE TITLE='Problem Set'
     AND TYPEID='142' AND ISTEMPLATE=1),
      'displayScores_isInstructorEditable', 'true')
;
INSERT INTO SAM_ASSESSMETADATA_T (ASSESSMENTMETADATAID, ASSESSMENTID, LABEL,
    ENTRY)
    VALUES(sam_assessMetaData_id_s.nextVal, (SELECT ID FROM SAM_ASSESSMENTBASE_T WHERE TITLE='Problem Set'
     AND TYPEID='142' AND ISTEMPLATE=1),
      'submissionMessage_isInstructorEditable', 'true')
;
INSERT INTO SAM_ASSESSMETADATA_T (ASSESSMENTMETADATAID, ASSESSMENTID, LABEL,
    ENTRY)
    VALUES(sam_assessMetaData_id_s.nextVal, (SELECT ID FROM SAM_ASSESSMENTBASE_T WHERE TITLE='Problem Set'
     AND TYPEID='142' AND ISTEMPLATE=1),
      'releaseDate_isInstructorEditable', 'true')
;
INSERT INTO SAM_ASSESSMETADATA_T (ASSESSMENTMETADATAID, ASSESSMENTID, LABEL,
    ENTRY)
    VALUES(sam_assessMetaData_id_s.nextVal, (SELECT ID FROM SAM_ASSESSMENTBASE_T WHERE TITLE='Problem Set'
     AND TYPEID='142' AND ISTEMPLATE=1),
      'assessmentAuthor_isInstructorEditable', 'true')
;
INSERT INTO SAM_ASSESSMETADATA_T (ASSESSMENTMETADATAID, ASSESSMENTID, LABEL,
    ENTRY)
    VALUES(sam_assessMetaData_id_s.nextVal, (SELECT ID FROM SAM_ASSESSMENTBASE_T WHERE TITLE='Problem Set'
     AND TYPEID='142' AND ISTEMPLATE=1),
      'passwordRequired_isInstructorEditable', 'false')
;
INSERT INTO SAM_ASSESSMETADATA_T (ASSESSMENTMETADATAID, ASSESSMENTID, LABEL,
    ENTRY)
    VALUES(sam_assessMetaData_id_s.nextVal, (SELECT ID FROM SAM_ASSESSMENTBASE_T WHERE TITLE='Problem Set'
     AND TYPEID='142' AND ISTEMPLATE=1),
      'author', '')
;
INSERT INTO SAM_ASSESSMETADATA_T (ASSESSMENTMETADATAID, ASSESSMENTID, LABEL,
    ENTRY)
    VALUES(sam_assessMetaData_id_s.nextVal, (SELECT ID FROM SAM_ASSESSMENTBASE_T WHERE TITLE='Problem Set'
     AND TYPEID='142' AND ISTEMPLATE=1),
      'submissionModel_isInstructorEditable', 'true')
;
INSERT INTO SAM_ASSESSMETADATA_T (ASSESSMENTMETADATAID, ASSESSMENTID, LABEL,
    ENTRY)
    VALUES(sam_assessMetaData_id_s.nextVal, (SELECT ID FROM SAM_ASSESSMENTBASE_T WHERE TITLE='Problem Set'
     AND TYPEID='142' AND ISTEMPLATE=1),
      'ipAccessType_isInstructorEditable', 'false')
;
INSERT INTO SAM_ASSESSMETADATA_T (ASSESSMENTMETADATAID, ASSESSMENTID, LABEL,
    ENTRY)
    VALUES(sam_assessMetaData_id_s.nextVal, (SELECT ID FROM SAM_ASSESSMENTBASE_T WHERE TITLE='Problem Set'
     AND TYPEID='142' AND ISTEMPLATE=1),
      'timedAssessment_isInstructorEditable', 'false')
;
INSERT INTO SAM_ASSESSMETADATA_T (ASSESSMENTMETADATAID, ASSESSMENTID, LABEL,
    ENTRY)
    VALUES(sam_assessMetaData_id_s.nextVal, (SELECT ID FROM SAM_ASSESSMENTBASE_T WHERE TITLE='Problem Set'
     AND TYPEID='142' AND ISTEMPLATE=1),
      'metadataAssess_isInstructorEditable', 'true')
;
INSERT INTO SAM_ASSESSMETADATA_T (ASSESSMENTMETADATAID, ASSESSMENTID, LABEL,
    ENTRY)
    VALUES(sam_assessMetaData_id_s.nextVal, (SELECT ID FROM SAM_ASSESSMENTBASE_T WHERE TITLE='Problem Set'
     AND TYPEID='142' AND ISTEMPLATE=1),
      'bgColor_isInstructorEditable', 'true')
;
INSERT INTO SAM_ASSESSMETADATA_T (ASSESSMENTMETADATAID, ASSESSMENTID, LABEL,
    ENTRY)
    VALUES(sam_assessMetaData_id_s.nextVal, (SELECT ID FROM SAM_ASSESSMENTBASE_T WHERE TITLE='Problem Set'
     AND TYPEID='142' AND ISTEMPLATE=1),
      'testeeIdentity_isInstructorEditable', 'true')
;
INSERT INTO SAM_ASSESSMETADATA_T (ASSESSMENTMETADATAID, ASSESSMENTID, LABEL,
    ENTRY)
    VALUES(sam_assessMetaData_id_s.nextVal, (SELECT ID FROM SAM_ASSESSMENTBASE_T WHERE TITLE='Problem Set'
     AND TYPEID='142' AND ISTEMPLATE=1),
      'templateInfo_isInstructorEditable', 'true')
;
INSERT INTO SAM_ASSESSMETADATA_T (ASSESSMENTMETADATAID, ASSESSMENTID, LABEL,
    ENTRY)
    VALUES(sam_assessMetaData_id_s.nextVal, (SELECT ID FROM SAM_ASSESSMENTBASE_T WHERE TITLE='Problem Set'
     AND TYPEID='142' AND ISTEMPLATE=1),
      'itemAccessType_isInstructorEditable', 'true')
;
INSERT INTO SAM_ASSESSMETADATA_T (ASSESSMENTMETADATAID, ASSESSMENTID, LABEL,
    ENTRY)
    VALUES(sam_assessMetaData_id_s.nextVal, (SELECT ID FROM SAM_ASSESSMENTBASE_T WHERE TITLE='Problem Set'
     AND TYPEID='142' AND ISTEMPLATE=1),
      'lateHandling_isInstructorEditable', 'true')
;
INSERT INTO SAM_ASSESSMETADATA_T (ASSESSMENTMETADATAID, ASSESSMENTID, LABEL,
    ENTRY)
    VALUES(sam_assessMetaData_id_s.nextVal, (SELECT ID FROM SAM_ASSESSMENTBASE_T WHERE TITLE='Problem Set'
     AND TYPEID='142' AND ISTEMPLATE=1),
      'feedbackAuthoring_isInstructorEditable', 'true')
;
INSERT INTO SAM_ASSESSMETADATA_T (ASSESSMENTMETADATAID, ASSESSMENTID, LABEL,
    ENTRY)
    VALUES(sam_assessMetaData_id_s.nextVal, (SELECT ID FROM SAM_ASSESSMENTBASE_T WHERE TITLE='Problem Set'
     AND TYPEID='142' AND ISTEMPLATE=1),
      'releaseTo', 'SITE_MEMBERS')
;
INSERT INTO SAM_ASSESSMETADATA_T (ASSESSMENTMETADATAID, ASSESSMENTID, LABEL,
    ENTRY)
    VALUES(sam_assessMetaData_id_s.nextVal, (SELECT ID FROM SAM_ASSESSMENTBASE_T WHERE TITLE='Problem Set'
     AND TYPEID='142' AND ISTEMPLATE=1),
      'honorpledge_isInstructorEditable', 'true')
;



INSERT INTO SAM_ASSESSMENTBASE_T (ID ,ISTEMPLATE ,
    PARENTID ,TITLE ,DESCRIPTION ,COMMENTS,
    ASSESSMENTTEMPLATEID, TYPEID, INSTRUCTORNOTIFICATION,
    TESTEENOTIFICATION , MULTIPARTALLOWED, STATUS,
    CREATEDBY, CREATEDDATE, LASTMODIFIEDBY,
    LASTMODIFIEDDATE )
    VALUES (sam_assessmentBase_id_s.nextVal,1 ,0 ,'Survey' , 'System Defined Assessment Type', '', NULL
    ,'142' ,1 ,1 ,1 ,1 ,'admin' ,SYSDATE ,'admin' ,SYSDATE  )
;     

INSERT INTO SAM_ASSESSEVALUATION_T (ASSESSMENTID,
    EVALUATIONCOMPONENTS, SCORINGTYPE, NUMERICMODELID,
    FIXEDTOTALSCORE, GRADEAVAILABLE, ISSTUDENTIDPUBLIC,
    ANONYMOUSGRADING, AUTOSCORING,TOGRADEBOOK)
    VALUES ((SELECT ID FROM SAM_ASSESSMENTBASE_T WHERE TITLE='Survey'
     AND TYPEID='142' AND ISTEMPLATE=1),
     '' ,1 ,'' , NULL , NULL , NULL ,1 , NULL ,2  )
;
INSERT INTO SAM_ASSESSFEEDBACK_T (ASSESSMENTID,
    FEEDBACKDELIVERY, FEEDBACKAUTHORING, SHOWQUESTIONTEXT, SHOWSTUDENTRESPONSE,
    SHOWCORRECTRESPONSE, SHOWSTUDENTSCORE, SHOWSTUDENTQUESTIONSCORE,
    SHOWQUESTIONLEVELFEEDBACK, SHOWSELECTIONLEVELFEEDBACK,
    SHOWGRADERCOMMENTS, SHOWSTATISTICS, EDITCOMPONENTS, FEEDBACKCOMPONENTOPTION)
    VALUES ((SELECT ID FROM SAM_ASSESSMENTBASE_T WHERE TITLE='Survey'
     AND TYPEID='142' AND ISTEMPLATE=1),
      1 ,3, 0 ,1 ,0 ,0 ,0 ,0 ,0 ,0 ,1 ,1 ,2 )
;
INSERT INTO SAM_ASSESSACCESSCONTROL_T (ASSESSMENTID,
    SUBMISSIONSALLOWED, SUBMISSIONSSAVED, ASSESSMENTFORMAT,
    BOOKMARKINGITEM, TIMELIMIT, TIMEDASSESSMENT,
    RETRYALLOWED, LATEHANDLING, STARTDATE, DUEDATE,
    SCOREDATE, FEEDBACKDATE, RETRACTDATE, AUTOSUBMIT,
    ITEMNAVIGATION, ITEMNUMBERING, DISPLAYSCORE, SUBMISSIONMESSAGE,
    RELEASETO, PASSWORD, FINALPAGEURL,
    UNLIMITEDSUBMISSIONS)
    VALUES ((SELECT ID FROM SAM_ASSESSMENTBASE_T WHERE TITLE='Survey'
     AND TYPEID='142' AND ISTEMPLATE=1),
                      1,1 ,1 , NULL , NULL , NULL , NULL ,1 ,
                      NULL, NULL, NULL, NULL, NULL,
                      0 ,2 ,1 , 1, '' ,'' ,'' ,'' ,
                      0  )
;
INSERT INTO SAM_ASSESSMETADATA_T (ASSESSMENTMETADATAID, ASSESSMENTID, LABEL,
    ENTRY)
    VALUES(sam_assessMetaData_id_s.nextVal, (SELECT ID FROM SAM_ASSESSMENTBASE_T WHERE TITLE='Survey'
     AND TYPEID='142' AND ISTEMPLATE=1),
      'finalPageURL_isInstructorEditable', 'true')
;
INSERT INTO SAM_ASSESSMETADATA_T (ASSESSMENTMETADATAID, ASSESSMENTID, LABEL,
    ENTRY)
    VALUES(sam_assessMetaData_id_s.nextVal, (SELECT ID FROM SAM_ASSESSMENTBASE_T WHERE TITLE='Survey'
     AND TYPEID='142' AND ISTEMPLATE=1),
     'anonymousRelease_isInstructorEditable', 'true')
;
INSERT INTO SAM_ASSESSMETADATA_T (ASSESSMENTMETADATAID, ASSESSMENTID, LABEL,
    ENTRY)
    VALUES(sam_assessMetaData_id_s.nextVal, (SELECT ID FROM SAM_ASSESSMENTBASE_T WHERE TITLE='Survey'
     AND TYPEID='142' AND ISTEMPLATE=1),
      'dueDate_isInstructorEditable', 'true')
;
INSERT INTO SAM_ASSESSMETADATA_T (ASSESSMENTMETADATAID, ASSESSMENTID, LABEL,
    ENTRY)
    VALUES(sam_assessMetaData_id_s.nextVal, (SELECT ID FROM SAM_ASSESSMENTBASE_T WHERE TITLE='Survey'
     AND TYPEID='142' AND ISTEMPLATE=1),
      'description_isInstructorEditable', 'true')
;
INSERT INTO SAM_ASSESSMETADATA_T (ASSESSMENTMETADATAID, ASSESSMENTID, LABEL,
    ENTRY)
    VALUES(sam_assessMetaData_id_s.nextVal, (SELECT ID FROM SAM_ASSESSMENTBASE_T WHERE TITLE='Survey'
     AND TYPEID='142' AND ISTEMPLATE=1),
      'metadataQuestions_isInstructorEditable', 'true')
;
INSERT INTO SAM_ASSESSMETADATA_T (ASSESSMENTMETADATAID, ASSESSMENTID, LABEL,
    ENTRY)
    VALUES(sam_assessMetaData_id_s.nextVal, (SELECT ID FROM SAM_ASSESSMENTBASE_T WHERE TITLE='Survey'
     AND TYPEID='142' AND ISTEMPLATE=1),
     'bgImage_isInstructorEditable', 'true')
;
INSERT INTO SAM_ASSESSMETADATA_T (ASSESSMENTMETADATAID, ASSESSMENTID, LABEL,
    ENTRY)
    VALUES(sam_assessMetaData_id_s.nextVal, (SELECT ID FROM SAM_ASSESSMENTBASE_T WHERE TITLE='Survey'
     AND TYPEID='142' AND ISTEMPLATE=1),
      'feedbackComponents_isInstructorEditable', 'true')
;
INSERT INTO SAM_ASSESSMETADATA_T (ASSESSMENTMETADATAID, ASSESSMENTID, LABEL,
    ENTRY)
    VALUES(sam_assessMetaData_id_s.nextVal, (SELECT ID FROM SAM_ASSESSMENTBASE_T WHERE TITLE='Survey'
     AND TYPEID='142' AND ISTEMPLATE=1),
      'retractDate_isInstructorEditable', 'true')
;
INSERT INTO SAM_ASSESSMETADATA_T (ASSESSMENTMETADATAID, ASSESSMENTID, LABEL,
    ENTRY)
    VALUES(sam_assessMetaData_id_s.nextVal, (SELECT ID FROM SAM_ASSESSMENTBASE_T WHERE TITLE='Survey'
     AND TYPEID='142' AND ISTEMPLATE=1),
      'feedbackType_isInstructorEditable', 'true')
;
INSERT INTO SAM_ASSESSMETADATA_T (ASSESSMENTMETADATAID, ASSESSMENTID, LABEL,
    ENTRY)
    VALUES(sam_assessMetaData_id_s.nextVal, (SELECT ID FROM SAM_ASSESSMENTBASE_T WHERE TITLE='Survey'
     AND TYPEID='142' AND ISTEMPLATE=1),
      'timedAssessmentAutoSubmit_isInstructorEditable', 'false')
;
INSERT INTO SAM_ASSESSMETADATA_T (ASSESSMENTMETADATAID, ASSESSMENTID, LABEL,
    ENTRY)
    VALUES(sam_assessMetaData_id_s.nextVal, (SELECT ID FROM SAM_ASSESSMENTBASE_T WHERE TITLE='Survey'
     AND TYPEID='142' AND ISTEMPLATE=1),
      'toGradebook_isInstructorEditable', 'true')
;
INSERT INTO SAM_ASSESSMETADATA_T (ASSESSMENTMETADATAID, ASSESSMENTID, LABEL,
    ENTRY)
    VALUES(sam_assessMetaData_id_s.nextVal, (SELECT ID FROM SAM_ASSESSMENTBASE_T WHERE TITLE='Survey'
     AND TYPEID='142' AND ISTEMPLATE=1),
      'displayChunking_isInstructorEditable', 'true')
;
INSERT INTO SAM_ASSESSMETADATA_T (ASSESSMENTMETADATAID, ASSESSMENTID, LABEL,
    ENTRY)
    VALUES(sam_assessMetaData_id_s.nextVal, (SELECT ID FROM SAM_ASSESSMENTBASE_T WHERE TITLE='Survey'
     AND TYPEID='142' AND ISTEMPLATE=1),
      'recordedScore_isInstructorEditable', 'false')
;
INSERT INTO SAM_ASSESSMETADATA_T (ASSESSMENTMETADATAID, ASSESSMENTID, LABEL,
    ENTRY)
    VALUES(sam_assessMetaData_id_s.nextVal, (SELECT ID FROM SAM_ASSESSMENTBASE_T WHERE TITLE='Survey'
     AND TYPEID='142' AND ISTEMPLATE=1),
      'authenticatedRelease_isInstructorEditable', 'false')
;
INSERT INTO SAM_ASSESSMETADATA_T (ASSESSMENTMETADATAID, ASSESSMENTID, LABEL,
    ENTRY)
    VALUES(sam_assessMetaData_id_s.nextVal, (SELECT ID FROM SAM_ASSESSMENTBASE_T WHERE TITLE='Survey'
     AND TYPEID='142' AND ISTEMPLATE=1),
      'displayNumbering_isInstructorEditable', 'true')
;
INSERT INTO SAM_ASSESSMETADATA_T (ASSESSMENTMETADATAID, ASSESSMENTID, LABEL,
    ENTRY)
    VALUES(sam_assessMetaData_id_s.nextVal, (SELECT ID FROM SAM_ASSESSMENTBASE_T WHERE TITLE='Survey'
     AND TYPEID='142' AND ISTEMPLATE=1),
      'displayScores_isInstructorEditable', 'true')
;
INSERT INTO SAM_ASSESSMETADATA_T (ASSESSMENTMETADATAID, ASSESSMENTID, LABEL,
    ENTRY)
    VALUES(sam_assessMetaData_id_s.nextVal, (SELECT ID FROM SAM_ASSESSMENTBASE_T WHERE TITLE='Survey'
     AND TYPEID='142' AND ISTEMPLATE=1),
      'submissionMessage_isInstructorEditable', 'true')
;
INSERT INTO SAM_ASSESSMETADATA_T (ASSESSMENTMETADATAID, ASSESSMENTID, LABEL,
    ENTRY)
    VALUES(sam_assessMetaData_id_s.nextVal, (SELECT ID FROM SAM_ASSESSMENTBASE_T WHERE TITLE='Survey'
     AND TYPEID='142' AND ISTEMPLATE=1),
      'releaseDate_isInstructorEditable', 'true')
;
INSERT INTO SAM_ASSESSMETADATA_T (ASSESSMENTMETADATAID, ASSESSMENTID, LABEL,
    ENTRY)
    VALUES(sam_assessMetaData_id_s.nextVal, (SELECT ID FROM SAM_ASSESSMENTBASE_T WHERE TITLE='Survey'
     AND TYPEID='142' AND ISTEMPLATE=1),
      'assessmentAuthor_isInstructorEditable', 'true')
;
INSERT INTO SAM_ASSESSMETADATA_T (ASSESSMENTMETADATAID, ASSESSMENTID, LABEL,
    ENTRY)
    VALUES(sam_assessMetaData_id_s.nextVal, (SELECT ID FROM SAM_ASSESSMENTBASE_T WHERE TITLE='Survey'
     AND TYPEID='142' AND ISTEMPLATE=1),
      'passwordRequired_isInstructorEditable', 'false')
;
INSERT INTO SAM_ASSESSMETADATA_T (ASSESSMENTMETADATAID, ASSESSMENTID, LABEL,
    ENTRY)
    VALUES(sam_assessMetaData_id_s.nextVal, (SELECT ID FROM SAM_ASSESSMENTBASE_T WHERE TITLE='Survey'
     AND TYPEID='142' AND ISTEMPLATE=1),
      'author', '')
;
INSERT INTO SAM_ASSESSMETADATA_T (ASSESSMENTMETADATAID, ASSESSMENTID, LABEL,
    ENTRY)
    VALUES(sam_assessMetaData_id_s.nextVal, (SELECT ID FROM SAM_ASSESSMENTBASE_T WHERE TITLE='Survey'
     AND TYPEID='142' AND ISTEMPLATE=1),
      'submissionModel_isInstructorEditable', 'true')
;
INSERT INTO SAM_ASSESSMETADATA_T (ASSESSMENTMETADATAID, ASSESSMENTID, LABEL,
    ENTRY)
    VALUES(sam_assessMetaData_id_s.nextVal, (SELECT ID FROM SAM_ASSESSMENTBASE_T WHERE TITLE='Survey'
     AND TYPEID='142' AND ISTEMPLATE=1),
      'ipAccessType_isInstructorEditable', 'false')
;
INSERT INTO SAM_ASSESSMETADATA_T (ASSESSMENTMETADATAID, ASSESSMENTID, LABEL,
    ENTRY)
    VALUES(sam_assessMetaData_id_s.nextVal, (SELECT ID FROM SAM_ASSESSMENTBASE_T WHERE TITLE='Survey'
     AND TYPEID='142' AND ISTEMPLATE=1),
      'timedAssessment_isInstructorEditable', 'false')
;
INSERT INTO SAM_ASSESSMETADATA_T (ASSESSMENTMETADATAID, ASSESSMENTID, LABEL,
    ENTRY)
    VALUES(sam_assessMetaData_id_s.nextVal, (SELECT ID FROM SAM_ASSESSMENTBASE_T WHERE TITLE='Survey'
     AND TYPEID='142' AND ISTEMPLATE=1),
      'metadataAssess_isInstructorEditable', 'true')
;
INSERT INTO SAM_ASSESSMETADATA_T (ASSESSMENTMETADATAID, ASSESSMENTID, LABEL,
    ENTRY)
    VALUES(sam_assessMetaData_id_s.nextVal, (SELECT ID FROM SAM_ASSESSMENTBASE_T WHERE TITLE='Survey'
     AND TYPEID='142' AND ISTEMPLATE=1),
      'bgColor_isInstructorEditable', 'true')
;
INSERT INTO SAM_ASSESSMETADATA_T (ASSESSMENTMETADATAID, ASSESSMENTID, LABEL,
    ENTRY)
    VALUES(sam_assessMetaData_id_s.nextVal, (SELECT ID FROM SAM_ASSESSMENTBASE_T WHERE TITLE='Survey'
     AND TYPEID='142' AND ISTEMPLATE=1),
      'testeeIdentity_isInstructorEditable', 'true')
;
INSERT INTO SAM_ASSESSMETADATA_T (ASSESSMENTMETADATAID, ASSESSMENTID, LABEL,
    ENTRY)
    VALUES(sam_assessMetaData_id_s.nextVal, (SELECT ID FROM SAM_ASSESSMENTBASE_T WHERE TITLE='Survey'
     AND TYPEID='142' AND ISTEMPLATE=1),
      'templateInfo_isInstructorEditable', 'true')
;
INSERT INTO SAM_ASSESSMETADATA_T (ASSESSMENTMETADATAID, ASSESSMENTID, LABEL,
    ENTRY)
    VALUES(sam_assessMetaData_id_s.nextVal, (SELECT ID FROM SAM_ASSESSMENTBASE_T WHERE TITLE='Survey'
     AND TYPEID='142' AND ISTEMPLATE=1),
      'itemAccessType_isInstructorEditable', 'true')
;
INSERT INTO SAM_ASSESSMETADATA_T (ASSESSMENTMETADATAID, ASSESSMENTID, LABEL,
    ENTRY)
    VALUES(sam_assessMetaData_id_s.nextVal, (SELECT ID FROM SAM_ASSESSMENTBASE_T WHERE TITLE='Survey'
     AND TYPEID='142' AND ISTEMPLATE=1),
      'lateHandling_isInstructorEditable', 'false')
;
INSERT INTO SAM_ASSESSMETADATA_T (ASSESSMENTMETADATAID, ASSESSMENTID, LABEL,
    ENTRY)
    VALUES(sam_assessMetaData_id_s.nextVal, (SELECT ID FROM SAM_ASSESSMENTBASE_T WHERE TITLE='Survey'
     AND TYPEID='142' AND ISTEMPLATE=1),
      'feedbackAuthoring_isInstructorEditable', 'false')
;
INSERT INTO SAM_ASSESSMETADATA_T (ASSESSMENTMETADATAID, ASSESSMENTID, LABEL,
    ENTRY)
    VALUES(sam_assessMetaData_id_s.nextVal, (SELECT ID FROM SAM_ASSESSMENTBASE_T WHERE TITLE='Survey'
     AND TYPEID='142' AND ISTEMPLATE=1),
      'releaseTo', 'SITE_MEMBERS')
;
INSERT INTO SAM_ASSESSMETADATA_T (ASSESSMENTMETADATAID, ASSESSMENTID, LABEL,
    ENTRY)
    VALUES(sam_assessMetaData_id_s.nextVal, (SELECT ID FROM SAM_ASSESSMENTBASE_T WHERE TITLE='Survey'
     AND TYPEID='142' AND ISTEMPLATE=1),
      'honorpledge_isInstructorEditable', 'true')
;


INSERT INTO SAM_ASSESSMENTBASE_T (ID ,ISTEMPLATE ,
    PARENTID ,TITLE ,DESCRIPTION ,COMMENTS,
    ASSESSMENTTEMPLATEID, TYPEID, INSTRUCTORNOTIFICATION,
    TESTEENOTIFICATION , MULTIPARTALLOWED, STATUS,
    CREATEDBY, CREATEDDATE, LASTMODIFIEDBY,
    LASTMODIFIEDDATE )
    VALUES (sam_assessmentBase_id_s.nextVal,1 ,0 ,'Test' , 'System Defined Assessment Type', '', NULL
    ,'142' ,1 ,1 ,1 ,1 ,'admin' ,SYSDATE ,'admin' ,SYSDATE  )
;     

INSERT INTO SAM_ASSESSEVALUATION_T (ASSESSMENTID,
    EVALUATIONCOMPONENTS, SCORINGTYPE, NUMERICMODELID,
    FIXEDTOTALSCORE, GRADEAVAILABLE, ISSTUDENTIDPUBLIC,
    ANONYMOUSGRADING, AUTOSCORING,TOGRADEBOOK)
    VALUES ((SELECT ID FROM SAM_ASSESSMENTBASE_T WHERE TITLE='Test'
     AND TYPEID='142' AND ISTEMPLATE=1),
     '' ,1 ,'' , NULL , NULL , NULL ,1 , NULL ,2  )
;
INSERT INTO SAM_ASSESSFEEDBACK_T (ASSESSMENTID,
    FEEDBACKDELIVERY, FEEDBACKAUTHORING, SHOWQUESTIONTEXT, SHOWSTUDENTRESPONSE,
    SHOWCORRECTRESPONSE, SHOWSTUDENTSCORE, SHOWSTUDENTQUESTIONSCORE,
    SHOWQUESTIONLEVELFEEDBACK, SHOWSELECTIONLEVELFEEDBACK,
    SHOWGRADERCOMMENTS, SHOWSTATISTICS, EDITCOMPONENTS, FEEDBACKCOMPONENTOPTION)
    VALUES ((SELECT ID FROM SAM_ASSESSMENTBASE_T WHERE TITLE='Test'
     AND TYPEID='142' AND ISTEMPLATE=1),
      3 ,1, 1 ,0 ,0 ,0 ,0 ,0 ,0 ,0 ,0 ,1 ,2 )
;
INSERT INTO SAM_ASSESSACCESSCONTROL_T (ASSESSMENTID,
    SUBMISSIONSALLOWED, SUBMISSIONSSAVED, ASSESSMENTFORMAT,
    BOOKMARKINGITEM, TIMELIMIT, TIMEDASSESSMENT,
    RETRYALLOWED, LATEHANDLING, STARTDATE, DUEDATE,
    SCOREDATE, FEEDBACKDATE, RETRACTDATE, AUTOSUBMIT,
    ITEMNAVIGATION, ITEMNUMBERING, DISPLAYSCORE, SUBMISSIONMESSAGE,
    RELEASETO, PASSWORD, FINALPAGEURL,
    UNLIMITEDSUBMISSIONS)
    VALUES ((SELECT ID FROM SAM_ASSESSMENTBASE_T WHERE TITLE='Test'
     AND TYPEID='142' AND ISTEMPLATE=1),
                      1,1 ,1 , NULL , NULL , NULL , NULL ,2 ,
                      NULL, NULL, NULL, NULL, NULL,
                      0 ,1 ,1 , 1, '' ,'' ,'' ,'' ,
                      0  )
;
INSERT INTO SAM_ASSESSMETADATA_T (ASSESSMENTMETADATAID, ASSESSMENTID, LABEL,
    ENTRY)
    VALUES(sam_assessMetaData_id_s.nextVal, (SELECT ID FROM SAM_ASSESSMENTBASE_T WHERE TITLE='Test'
     AND TYPEID='142' AND ISTEMPLATE=1),
      'finalPageURL_isInstructorEditable', 'true')
;
INSERT INTO SAM_ASSESSMETADATA_T (ASSESSMENTMETADATAID, ASSESSMENTID, LABEL,
    ENTRY)
    VALUES(sam_assessMetaData_id_s.nextVal, (SELECT ID FROM SAM_ASSESSMENTBASE_T WHERE TITLE='Test'
     AND TYPEID='142' AND ISTEMPLATE=1),
     'anonymousRelease_isInstructorEditable', 'false')
;
INSERT INTO SAM_ASSESSMETADATA_T (ASSESSMENTMETADATAID, ASSESSMENTID, LABEL,
    ENTRY)
    VALUES(sam_assessMetaData_id_s.nextVal, (SELECT ID FROM SAM_ASSESSMENTBASE_T WHERE TITLE='Test'
     AND TYPEID='142' AND ISTEMPLATE=1),
      'dueDate_isInstructorEditable', 'true')
;
INSERT INTO SAM_ASSESSMETADATA_T (ASSESSMENTMETADATAID, ASSESSMENTID, LABEL,
    ENTRY)
    VALUES(sam_assessMetaData_id_s.nextVal, (SELECT ID FROM SAM_ASSESSMENTBASE_T WHERE TITLE='Test'
     AND TYPEID='142' AND ISTEMPLATE=1),
      'description_isInstructorEditable', 'true')
;
INSERT INTO SAM_ASSESSMETADATA_T (ASSESSMENTMETADATAID, ASSESSMENTID, LABEL,
    ENTRY)
    VALUES(sam_assessMetaData_id_s.nextVal, (SELECT ID FROM SAM_ASSESSMENTBASE_T WHERE TITLE='Test'
     AND TYPEID='142' AND ISTEMPLATE=1),
      'metadataQuestions_isInstructorEditable', 'true')
;
INSERT INTO SAM_ASSESSMETADATA_T (ASSESSMENTMETADATAID, ASSESSMENTID, LABEL,
    ENTRY)
    VALUES(sam_assessMetaData_id_s.nextVal, (SELECT ID FROM SAM_ASSESSMENTBASE_T WHERE TITLE='Test'
     AND TYPEID='142' AND ISTEMPLATE=1),
     'bgImage_isInstructorEditable', 'true')
;
INSERT INTO SAM_ASSESSMETADATA_T (ASSESSMENTMETADATAID, ASSESSMENTID, LABEL,
    ENTRY)
    VALUES(sam_assessMetaData_id_s.nextVal, (SELECT ID FROM SAM_ASSESSMENTBASE_T WHERE TITLE='Test'
     AND TYPEID='142' AND ISTEMPLATE=1),
      'feedbackComponents_isInstructorEditable', 'true')
;
INSERT INTO SAM_ASSESSMETADATA_T (ASSESSMENTMETADATAID, ASSESSMENTID, LABEL,
    ENTRY)
    VALUES(sam_assessMetaData_id_s.nextVal, (SELECT ID FROM SAM_ASSESSMENTBASE_T WHERE TITLE='Test'
     AND TYPEID='142' AND ISTEMPLATE=1),
      'retractDate_isInstructorEditable', 'true')
;
INSERT INTO SAM_ASSESSMETADATA_T (ASSESSMENTMETADATAID, ASSESSMENTID, LABEL,
    ENTRY)
    VALUES(sam_assessMetaData_id_s.nextVal, (SELECT ID FROM SAM_ASSESSMENTBASE_T WHERE TITLE='Test'
     AND TYPEID='142' AND ISTEMPLATE=1),
      'feedbackType_isInstructorEditable', 'true')
;
INSERT INTO SAM_ASSESSMETADATA_T (ASSESSMENTMETADATAID, ASSESSMENTID, LABEL,
    ENTRY)
    VALUES(sam_assessMetaData_id_s.nextVal, (SELECT ID FROM SAM_ASSESSMENTBASE_T WHERE TITLE='Test'
     AND TYPEID='142' AND ISTEMPLATE=1),
      'timedAssessmentAutoSubmit_isInstructorEditable', 'false')
;
INSERT INTO SAM_ASSESSMETADATA_T (ASSESSMENTMETADATAID, ASSESSMENTID, LABEL,
    ENTRY)
    VALUES(sam_assessMetaData_id_s.nextVal, (SELECT ID FROM SAM_ASSESSMENTBASE_T WHERE TITLE='Test'
     AND TYPEID='142' AND ISTEMPLATE=1),
      'toGradebook_isInstructorEditable', 'true')
;
INSERT INTO SAM_ASSESSMETADATA_T (ASSESSMENTMETADATAID, ASSESSMENTID, LABEL,
    ENTRY)
    VALUES(sam_assessMetaData_id_s.nextVal, (SELECT ID FROM SAM_ASSESSMENTBASE_T WHERE TITLE='Test'
     AND TYPEID='142' AND ISTEMPLATE=1),
      'displayChunking_isInstructorEditable', 'true')
;
INSERT INTO SAM_ASSESSMETADATA_T (ASSESSMENTMETADATAID, ASSESSMENTID, LABEL,
    ENTRY)
    VALUES(sam_assessMetaData_id_s.nextVal, (SELECT ID FROM SAM_ASSESSMENTBASE_T WHERE TITLE='Test'
     AND TYPEID='142' AND ISTEMPLATE=1),
      'recordedScore_isInstructorEditable', 'false')
;
INSERT INTO SAM_ASSESSMETADATA_T (ASSESSMENTMETADATAID, ASSESSMENTID, LABEL,
    ENTRY)
    VALUES(sam_assessMetaData_id_s.nextVal, (SELECT ID FROM SAM_ASSESSMENTBASE_T WHERE TITLE='Test'
     AND TYPEID='142' AND ISTEMPLATE=1),
      'authenticatedRelease_isInstructorEditable', 'false')
;
INSERT INTO SAM_ASSESSMETADATA_T (ASSESSMENTMETADATAID, ASSESSMENTID, LABEL,
    ENTRY)
    VALUES(sam_assessMetaData_id_s.nextVal, (SELECT ID FROM SAM_ASSESSMENTBASE_T WHERE TITLE='Test'
     AND TYPEID='142' AND ISTEMPLATE=1),
      'displayNumbering_isInstructorEditable', 'true')
;
INSERT INTO SAM_ASSESSMETADATA_T (ASSESSMENTMETADATAID, ASSESSMENTID, LABEL,
    ENTRY)
    VALUES(sam_assessMetaData_id_s.nextVal, (SELECT ID FROM SAM_ASSESSMENTBASE_T WHERE TITLE='Test'
     AND TYPEID='142' AND ISTEMPLATE=1),
      'displayScores_isInstructorEditable', 'true')
;
INSERT INTO SAM_ASSESSMETADATA_T (ASSESSMENTMETADATAID, ASSESSMENTID, LABEL,
    ENTRY)
    VALUES(sam_assessMetaData_id_s.nextVal, (SELECT ID FROM SAM_ASSESSMENTBASE_T WHERE TITLE='Test'
     AND TYPEID='142' AND ISTEMPLATE=1),
      'submissionMessage_isInstructorEditable', 'true')
;
INSERT INTO SAM_ASSESSMETADATA_T (ASSESSMENTMETADATAID, ASSESSMENTID, LABEL,
    ENTRY)
    VALUES(sam_assessMetaData_id_s.nextVal, (SELECT ID FROM SAM_ASSESSMENTBASE_T WHERE TITLE='Test'
     AND TYPEID='142' AND ISTEMPLATE=1),
      'releaseDate_isInstructorEditable', 'true')
;
INSERT INTO SAM_ASSESSMETADATA_T (ASSESSMENTMETADATAID, ASSESSMENTID, LABEL,
    ENTRY)
    VALUES(sam_assessMetaData_id_s.nextVal, (SELECT ID FROM SAM_ASSESSMENTBASE_T WHERE TITLE='Test'
     AND TYPEID='142' AND ISTEMPLATE=1),
      'assessmentAuthor_isInstructorEditable', 'true')
;
INSERT INTO SAM_ASSESSMETADATA_T (ASSESSMENTMETADATAID, ASSESSMENTID, LABEL,
    ENTRY)
    VALUES(sam_assessMetaData_id_s.nextVal, (SELECT ID FROM SAM_ASSESSMENTBASE_T WHERE TITLE='Test'
     AND TYPEID='142' AND ISTEMPLATE=1),
      'passwordRequired_isInstructorEditable', 'true')
;
INSERT INTO SAM_ASSESSMETADATA_T (ASSESSMENTMETADATAID, ASSESSMENTID, LABEL,
    ENTRY)
    VALUES(sam_assessMetaData_id_s.nextVal, (SELECT ID FROM SAM_ASSESSMENTBASE_T WHERE TITLE='Test'
     AND TYPEID='142' AND ISTEMPLATE=1),
      'lockedBrowser_isInstructorEditable', 'true')
;
INSERT INTO SAM_ASSESSMETADATA_T (ASSESSMENTMETADATAID, ASSESSMENTID, LABEL,
    ENTRY)
    VALUES(sam_assessMetaData_id_s.nextVal, (SELECT ID FROM SAM_ASSESSMENTBASE_T WHERE TITLE='Test'
     AND TYPEID='142' AND ISTEMPLATE=1),
      'author', '')
;
INSERT INTO SAM_ASSESSMETADATA_T (ASSESSMENTMETADATAID, ASSESSMENTID, LABEL,
    ENTRY)
    VALUES(sam_assessMetaData_id_s.nextVal, (SELECT ID FROM SAM_ASSESSMENTBASE_T WHERE TITLE='Test'
     AND TYPEID='142' AND ISTEMPLATE=1),
      'submissionModel_isInstructorEditable', 'true')
;
INSERT INTO SAM_ASSESSMETADATA_T (ASSESSMENTMETADATAID, ASSESSMENTID, LABEL,
    ENTRY)
    VALUES(sam_assessMetaData_id_s.nextVal, (SELECT ID FROM SAM_ASSESSMENTBASE_T WHERE TITLE='Test'
     AND TYPEID='142' AND ISTEMPLATE=1),
      'ipAccessType_isInstructorEditable', 'false')
;
INSERT INTO SAM_ASSESSMETADATA_T (ASSESSMENTMETADATAID, ASSESSMENTID, LABEL,
    ENTRY)
    VALUES(sam_assessMetaData_id_s.nextVal, (SELECT ID FROM SAM_ASSESSMENTBASE_T WHERE TITLE='Test'
     AND TYPEID='142' AND ISTEMPLATE=1),
      'timedAssessment_isInstructorEditable', 'false')
;
INSERT INTO SAM_ASSESSMETADATA_T (ASSESSMENTMETADATAID, ASSESSMENTID, LABEL,
    ENTRY)
    VALUES(sam_assessMetaData_id_s.nextVal, (SELECT ID FROM SAM_ASSESSMENTBASE_T WHERE TITLE='Test'
     AND TYPEID='142' AND ISTEMPLATE=1),
      'metadataAssess_isInstructorEditable', 'true')
;
INSERT INTO SAM_ASSESSMETADATA_T (ASSESSMENTMETADATAID, ASSESSMENTID, LABEL,
    ENTRY)
    VALUES(sam_assessMetaData_id_s.nextVal, (SELECT ID FROM SAM_ASSESSMENTBASE_T WHERE TITLE='Test'
     AND TYPEID='142' AND ISTEMPLATE=1),
      'bgColor_isInstructorEditable', 'true')
;
INSERT INTO SAM_ASSESSMETADATA_T (ASSESSMENTMETADATAID, ASSESSMENTID, LABEL,
    ENTRY)
    VALUES(sam_assessMetaData_id_s.nextVal, (SELECT ID FROM SAM_ASSESSMENTBASE_T WHERE TITLE='Test'
     AND TYPEID='142' AND ISTEMPLATE=1),
      'testeeIdentity_isInstructorEditable', 'true')
;
INSERT INTO SAM_ASSESSMETADATA_T (ASSESSMENTMETADATAID, ASSESSMENTID, LABEL,
    ENTRY)
    VALUES(sam_assessMetaData_id_s.nextVal, (SELECT ID FROM SAM_ASSESSMENTBASE_T WHERE TITLE='Test'
     AND TYPEID='142' AND ISTEMPLATE=1),
      'templateInfo_isInstructorEditable', 'true')
;
INSERT INTO SAM_ASSESSMETADATA_T (ASSESSMENTMETADATAID, ASSESSMENTID, LABEL,
    ENTRY)
    VALUES(sam_assessMetaData_id_s.nextVal, (SELECT ID FROM SAM_ASSESSMENTBASE_T WHERE TITLE='Test'
     AND TYPEID='142' AND ISTEMPLATE=1),
      'itemAccessType_isInstructorEditable', 'true')
;
INSERT INTO SAM_ASSESSMETADATA_T (ASSESSMENTMETADATAID, ASSESSMENTID, LABEL,
    ENTRY)
    VALUES(sam_assessMetaData_id_s.nextVal, (SELECT ID FROM SAM_ASSESSMENTBASE_T WHERE TITLE='Test'
     AND TYPEID='142' AND ISTEMPLATE=1),
      'lateHandling_isInstructorEditable', 'true')
;
INSERT INTO SAM_ASSESSMETADATA_T (ASSESSMENTMETADATAID, ASSESSMENTID, LABEL,
    ENTRY)
    VALUES(sam_assessMetaData_id_s.nextVal, (SELECT ID FROM SAM_ASSESSMENTBASE_T WHERE TITLE='Test'
     AND TYPEID='142' AND ISTEMPLATE=1),
      'feedbackAuthoring_isInstructorEditable', 'true')
;
INSERT INTO SAM_ASSESSMETADATA_T (ASSESSMENTMETADATAID, ASSESSMENTID, LABEL,
    ENTRY)
    VALUES(sam_assessMetaData_id_s.nextVal, (SELECT ID FROM SAM_ASSESSMENTBASE_T WHERE TITLE='Test'
     AND TYPEID='142' AND ISTEMPLATE=1),
      'releaseTo', 'SITE_MEMBERS')
;
INSERT INTO SAM_ASSESSMETADATA_T (ASSESSMENTMETADATAID, ASSESSMENTID, LABEL,
    ENTRY)
    VALUES(sam_assessMetaData_id_s.nextVal, (SELECT ID FROM SAM_ASSESSMENTBASE_T WHERE TITLE='Test'
     AND TYPEID='142' AND ISTEMPLATE=1),
      'honorpledge_isInstructorEditable', 'SITE_MEMBERS')
;


INSERT INTO SAM_ASSESSMENTBASE_T (ID ,ISTEMPLATE ,
    PARENTID ,TITLE ,DESCRIPTION ,COMMENTS,
    ASSESSMENTTEMPLATEID, TYPEID, INSTRUCTORNOTIFICATION,
    TESTEENOTIFICATION , MULTIPARTALLOWED, STATUS,
    CREATEDBY, CREATEDDATE, LASTMODIFIEDBY,
    LASTMODIFIEDDATE )
    VALUES (sam_assessmentBase_id_s.nextVal,1 ,0 ,'Timed Test' , 'System Defined Assessment Type', '', NULL
    ,'142' ,1 ,1 ,1 ,1 ,'admin' ,SYSDATE ,'admin' ,SYSDATE)
;     

INSERT INTO SAM_ASSESSEVALUATION_T (ASSESSMENTID,
    EVALUATIONCOMPONENTS, SCORINGTYPE, NUMERICMODELID,
    FIXEDTOTALSCORE, GRADEAVAILABLE, ISSTUDENTIDPUBLIC,
    ANONYMOUSGRADING, AUTOSCORING,TOGRADEBOOK)
    VALUES ((SELECT ID FROM SAM_ASSESSMENTBASE_T WHERE TITLE='Timed Test'
     AND TYPEID='142' AND ISTEMPLATE=1),
     '' ,1 ,'' , NULL , NULL , NULL ,1 , NULL ,2  )
;
INSERT INTO SAM_ASSESSFEEDBACK_T (ASSESSMENTID,
    FEEDBACKDELIVERY, FEEDBACKAUTHORING, SHOWQUESTIONTEXT, SHOWSTUDENTRESPONSE,
    SHOWCORRECTRESPONSE, SHOWSTUDENTSCORE, SHOWSTUDENTQUESTIONSCORE,
    SHOWQUESTIONLEVELFEEDBACK, SHOWSELECTIONLEVELFEEDBACK,
    SHOWGRADERCOMMENTS, SHOWSTATISTICS, EDITCOMPONENTS, FEEDBACKCOMPONENTOPTION)
    VALUES ((SELECT ID FROM SAM_ASSESSMENTBASE_T WHERE TITLE='Timed Test'
     AND TYPEID='142' AND ISTEMPLATE=1),
      3 ,1, 1 ,0 ,0 ,0 ,0 ,0 ,0 ,0 ,0 ,1 ,2 )
;
INSERT INTO SAM_ASSESSACCESSCONTROL_T (ASSESSMENTID,
    SUBMISSIONSALLOWED, SUBMISSIONSSAVED, ASSESSMENTFORMAT,
    BOOKMARKINGITEM, TIMELIMIT, TIMEDASSESSMENT,
    RETRYALLOWED, LATEHANDLING, STARTDATE, DUEDATE,
    SCOREDATE, FEEDBACKDATE, RETRACTDATE, AUTOSUBMIT,
    ITEMNAVIGATION, ITEMNUMBERING, DISPLAYSCORE, SUBMISSIONMESSAGE,
    RELEASETO, PASSWORD, FINALPAGEURL,
    UNLIMITEDSUBMISSIONS)
    VALUES ((SELECT ID FROM SAM_ASSESSMENTBASE_T WHERE TITLE='Timed Test'
     AND TYPEID='142' AND ISTEMPLATE=1),
                      1,1 ,1 , NULL , NULL , NULL , NULL ,2 ,
                      NULL, NULL, NULL, NULL, NULL,
                      0 ,1 ,1 , 1, '' ,'' ,'' ,'' ,
                      0  )
;
INSERT INTO SAM_ASSESSMETADATA_T (ASSESSMENTMETADATAID, ASSESSMENTID, LABEL,
    ENTRY)
    VALUES(sam_assessMetaData_id_s.nextVal, (SELECT ID FROM SAM_ASSESSMENTBASE_T WHERE TITLE='Timed Test'
     AND TYPEID='142' AND ISTEMPLATE=1),
      'finalPageURL_isInstructorEditable', 'true')
;
INSERT INTO SAM_ASSESSMETADATA_T (ASSESSMENTMETADATAID, ASSESSMENTID, LABEL,
    ENTRY)
    VALUES(sam_assessMetaData_id_s.nextVal, (SELECT ID FROM SAM_ASSESSMENTBASE_T WHERE TITLE='Timed Test'
     AND TYPEID='142' AND ISTEMPLATE=1),
     'anonymousRelease_isInstructorEditable', 'false')
;
INSERT INTO SAM_ASSESSMETADATA_T (ASSESSMENTMETADATAID, ASSESSMENTID, LABEL,
    ENTRY)
    VALUES(sam_assessMetaData_id_s.nextVal, (SELECT ID FROM SAM_ASSESSMENTBASE_T WHERE TITLE='Timed Test'
     AND TYPEID='142' AND ISTEMPLATE=1),
      'dueDate_isInstructorEditable', 'true')
;
INSERT INTO SAM_ASSESSMETADATA_T (ASSESSMENTMETADATAID, ASSESSMENTID, LABEL,
    ENTRY)
    VALUES(sam_assessMetaData_id_s.nextVal, (SELECT ID FROM SAM_ASSESSMENTBASE_T WHERE TITLE='Timed Test'
     AND TYPEID='142' AND ISTEMPLATE=1),
      'description_isInstructorEditable', 'true')
;
INSERT INTO SAM_ASSESSMETADATA_T (ASSESSMENTMETADATAID, ASSESSMENTID, LABEL,
    ENTRY)
    VALUES(sam_assessMetaData_id_s.nextVal, (SELECT ID FROM SAM_ASSESSMENTBASE_T WHERE TITLE='Timed Test'
     AND TYPEID='142' AND ISTEMPLATE=1),
      'metadataQuestions_isInstructorEditable', 'true')
;
INSERT INTO SAM_ASSESSMETADATA_T (ASSESSMENTMETADATAID, ASSESSMENTID, LABEL,
    ENTRY)
    VALUES(sam_assessMetaData_id_s.nextVal, (SELECT ID FROM SAM_ASSESSMENTBASE_T WHERE TITLE='Timed Test'
     AND TYPEID='142' AND ISTEMPLATE=1),
     'bgImage_isInstructorEditable', 'true')
;
INSERT INTO SAM_ASSESSMETADATA_T (ASSESSMENTMETADATAID, ASSESSMENTID, LABEL,
    ENTRY)
    VALUES(sam_assessMetaData_id_s.nextVal, (SELECT ID FROM SAM_ASSESSMENTBASE_T WHERE TITLE='Timed Test'
     AND TYPEID='142' AND ISTEMPLATE=1),
      'feedbackComponents_isInstructorEditable', 'true')
;
INSERT INTO SAM_ASSESSMETADATA_T (ASSESSMENTMETADATAID, ASSESSMENTID, LABEL,
    ENTRY)
    VALUES(sam_assessMetaData_id_s.nextVal, (SELECT ID FROM SAM_ASSESSMENTBASE_T WHERE TITLE='Timed Test'
     AND TYPEID='142' AND ISTEMPLATE=1),
      'retractDate_isInstructorEditable', 'true')
;
INSERT INTO SAM_ASSESSMETADATA_T (ASSESSMENTMETADATAID, ASSESSMENTID, LABEL,
    ENTRY)
    VALUES(sam_assessMetaData_id_s.nextVal, (SELECT ID FROM SAM_ASSESSMENTBASE_T WHERE TITLE='Timed Test'
     AND TYPEID='142' AND ISTEMPLATE=1),
      'feedbackType_isInstructorEditable', 'true')
;
INSERT INTO SAM_ASSESSMETADATA_T (ASSESSMENTMETADATAID, ASSESSMENTID, LABEL,
    ENTRY)
    VALUES(sam_assessMetaData_id_s.nextVal, (SELECT ID FROM SAM_ASSESSMENTBASE_T WHERE TITLE='Timed Test'
     AND TYPEID='142' AND ISTEMPLATE=1),
      'timedAssessmentAutoSubmit_isInstructorEditable', 'true')
;
INSERT INTO SAM_ASSESSMETADATA_T (ASSESSMENTMETADATAID, ASSESSMENTID, LABEL,
    ENTRY)
    VALUES(sam_assessMetaData_id_s.nextVal, (SELECT ID FROM SAM_ASSESSMENTBASE_T WHERE TITLE='Timed Test'
     AND TYPEID='142' AND ISTEMPLATE=1),
      'toGradebook_isInstructorEditable', 'true')
;
INSERT INTO SAM_ASSESSMETADATA_T (ASSESSMENTMETADATAID, ASSESSMENTID, LABEL,
    ENTRY)
    VALUES(sam_assessMetaData_id_s.nextVal, (SELECT ID FROM SAM_ASSESSMENTBASE_T WHERE TITLE='Timed Test'
     AND TYPEID='142' AND ISTEMPLATE=1),
      'displayChunking_isInstructorEditable', 'true')
;
INSERT INTO SAM_ASSESSMETADATA_T (ASSESSMENTMETADATAID, ASSESSMENTID, LABEL,
    ENTRY)
    VALUES(sam_assessMetaData_id_s.nextVal, (SELECT ID FROM SAM_ASSESSMENTBASE_T WHERE TITLE='Timed Test'
     AND TYPEID='142' AND ISTEMPLATE=1),
      'recordedScore_isInstructorEditable', 'false')
;
INSERT INTO SAM_ASSESSMETADATA_T (ASSESSMENTMETADATAID, ASSESSMENTID, LABEL,
    ENTRY)
    VALUES(sam_assessMetaData_id_s.nextVal, (SELECT ID FROM SAM_ASSESSMENTBASE_T WHERE TITLE='Timed Test'
     AND TYPEID='142' AND ISTEMPLATE=1),
      'authenticatedRelease_isInstructorEditable', 'false')
;
INSERT INTO SAM_ASSESSMETADATA_T (ASSESSMENTMETADATAID, ASSESSMENTID, LABEL,
    ENTRY)
    VALUES(sam_assessMetaData_id_s.nextVal, (SELECT ID FROM SAM_ASSESSMENTBASE_T WHERE TITLE='Timed Test'
     AND TYPEID='142' AND ISTEMPLATE=1),
      'displayNumbering_isInstructorEditable', 'true')
;
INSERT INTO SAM_ASSESSMETADATA_T (ASSESSMENTMETADATAID, ASSESSMENTID, LABEL,
    ENTRY)
    VALUES(sam_assessMetaData_id_s.nextVal, (SELECT ID FROM SAM_ASSESSMENTBASE_T WHERE TITLE='Timed Test'
     AND TYPEID='142' AND ISTEMPLATE=1),
      'displayScores_isInstructorEditable', 'true')
;
INSERT INTO SAM_ASSESSMETADATA_T (ASSESSMENTMETADATAID, ASSESSMENTID, LABEL,
    ENTRY)
    VALUES(sam_assessMetaData_id_s.nextVal, (SELECT ID FROM SAM_ASSESSMENTBASE_T WHERE TITLE='Timed Test'
     AND TYPEID='142' AND ISTEMPLATE=1),
      'submissionMessage_isInstructorEditable', 'true')
;
INSERT INTO SAM_ASSESSMETADATA_T (ASSESSMENTMETADATAID, ASSESSMENTID, LABEL,
    ENTRY)
    VALUES(sam_assessMetaData_id_s.nextVal, (SELECT ID FROM SAM_ASSESSMENTBASE_T WHERE TITLE='Timed Test'
     AND TYPEID='142' AND ISTEMPLATE=1),
      'releaseDate_isInstructorEditable', 'true')
;
INSERT INTO SAM_ASSESSMETADATA_T (ASSESSMENTMETADATAID, ASSESSMENTID, LABEL,
    ENTRY)
    VALUES(sam_assessMetaData_id_s.nextVal, (SELECT ID FROM SAM_ASSESSMENTBASE_T WHERE TITLE='Timed Test'
     AND TYPEID='142' AND ISTEMPLATE=1),
      'assessmentAuthor_isInstructorEditable', 'true')
;
INSERT INTO SAM_ASSESSMETADATA_T (ASSESSMENTMETADATAID, ASSESSMENTID, LABEL,
    ENTRY)
    VALUES(sam_assessMetaData_id_s.nextVal, (SELECT ID FROM SAM_ASSESSMENTBASE_T WHERE TITLE='Timed Test'
     AND TYPEID='142' AND ISTEMPLATE=1),
      'passwordRequired_isInstructorEditable', 'true')
;
INSERT INTO SAM_ASSESSMETADATA_T (ASSESSMENTMETADATAID, ASSESSMENTID, LABEL,
    ENTRY)
    VALUES(sam_assessMetaData_id_s.nextVal, (SELECT ID FROM SAM_ASSESSMENTBASE_T WHERE TITLE='Timed Test'
     AND TYPEID='142' AND ISTEMPLATE=1),
      'lockedBrowser_isInstructorEditable', 'true')
;
INSERT INTO SAM_ASSESSMETADATA_T (ASSESSMENTMETADATAID, ASSESSMENTID, LABEL,
    ENTRY)
    VALUES(sam_assessMetaData_id_s.nextVal, (SELECT ID FROM SAM_ASSESSMENTBASE_T WHERE TITLE='Timed Test'
     AND TYPEID='142' AND ISTEMPLATE=1),
      'author', '')
;
INSERT INTO SAM_ASSESSMETADATA_T (ASSESSMENTMETADATAID, ASSESSMENTID, LABEL,
    ENTRY)
    VALUES(sam_assessMetaData_id_s.nextVal, (SELECT ID FROM SAM_ASSESSMENTBASE_T WHERE TITLE='Timed Test'
     AND TYPEID='142' AND ISTEMPLATE=1),
      'submissionModel_isInstructorEditable', 'true')
;
INSERT INTO SAM_ASSESSMETADATA_T (ASSESSMENTMETADATAID, ASSESSMENTID, LABEL,
    ENTRY)
    VALUES(sam_assessMetaData_id_s.nextVal, (SELECT ID FROM SAM_ASSESSMENTBASE_T WHERE TITLE='Timed Test'
     AND TYPEID='142' AND ISTEMPLATE=1),
      'ipAccessType_isInstructorEditable', 'false')
;
INSERT INTO SAM_ASSESSMETADATA_T (ASSESSMENTMETADATAID, ASSESSMENTID, LABEL,
    ENTRY)
    VALUES(sam_assessMetaData_id_s.nextVal, (SELECT ID FROM SAM_ASSESSMENTBASE_T WHERE TITLE='Timed Test'
     AND TYPEID='142' AND ISTEMPLATE=1),
      'timedAssessment_isInstructorEditable', 'true')
;
INSERT INTO SAM_ASSESSMETADATA_T (ASSESSMENTMETADATAID, ASSESSMENTID, LABEL,
    ENTRY)
    VALUES(sam_assessMetaData_id_s.nextVal, (SELECT ID FROM SAM_ASSESSMENTBASE_T WHERE TITLE='Timed Test'
     AND TYPEID='142' AND ISTEMPLATE=1),
      'metadataAssess_isInstructorEditable', 'true')
;
INSERT INTO SAM_ASSESSMETADATA_T (ASSESSMENTMETADATAID, ASSESSMENTID, LABEL,
    ENTRY)
    VALUES(sam_assessMetaData_id_s.nextVal, (SELECT ID FROM SAM_ASSESSMENTBASE_T WHERE TITLE='Timed Test'
     AND TYPEID='142' AND ISTEMPLATE=1),
      'bgColor_isInstructorEditable', 'true')
;
INSERT INTO SAM_ASSESSMETADATA_T (ASSESSMENTMETADATAID, ASSESSMENTID, LABEL,
    ENTRY)
    VALUES(sam_assessMetaData_id_s.nextVal, (SELECT ID FROM SAM_ASSESSMENTBASE_T WHERE TITLE='Timed Test'
     AND TYPEID='142' AND ISTEMPLATE=1),
      'testeeIdentity_isInstructorEditable', 'true')
;
INSERT INTO SAM_ASSESSMETADATA_T (ASSESSMENTMETADATAID, ASSESSMENTID, LABEL,
    ENTRY)
    VALUES(sam_assessMetaData_id_s.nextVal, (SELECT ID FROM SAM_ASSESSMENTBASE_T WHERE TITLE='Timed Test'
     AND TYPEID='142' AND ISTEMPLATE=1),
      'templateInfo_isInstructorEditable', 'true')
;
INSERT INTO SAM_ASSESSMETADATA_T (ASSESSMENTMETADATAID, ASSESSMENTID, LABEL,
    ENTRY)
    VALUES(sam_assessMetaData_id_s.nextVal, (SELECT ID FROM SAM_ASSESSMENTBASE_T WHERE TITLE='Timed Test'
     AND TYPEID='142' AND ISTEMPLATE=1),
      'itemAccessType_isInstructorEditable', 'true')
;
INSERT INTO SAM_ASSESSMETADATA_T (ASSESSMENTMETADATAID, ASSESSMENTID, LABEL,
    ENTRY)
    VALUES(sam_assessMetaData_id_s.nextVal, (SELECT ID FROM SAM_ASSESSMENTBASE_T WHERE TITLE='Timed Test'
     AND TYPEID='142' AND ISTEMPLATE=1),
      'lateHandling_isInstructorEditable', 'true')
;
INSERT INTO SAM_ASSESSMETADATA_T (ASSESSMENTMETADATAID, ASSESSMENTID, LABEL,
    ENTRY)
    VALUES(sam_assessMetaData_id_s.nextVal, (SELECT ID FROM SAM_ASSESSMENTBASE_T WHERE TITLE='Timed Test'
     AND TYPEID='142' AND ISTEMPLATE=1),
      'feedbackAuthoring_isInstructorEditable', 'true')
;
INSERT INTO SAM_ASSESSMETADATA_T (ASSESSMENTMETADATAID, ASSESSMENTID, LABEL,
    ENTRY)
    VALUES(sam_assessMetaData_id_s.nextVal, (SELECT ID FROM SAM_ASSESSMENTBASE_T WHERE TITLE='Timed Test'
     AND TYPEID='142' AND ISTEMPLATE=1),
      'releaseTo', 'SITE_MEMBERS')
;
INSERT INTO SAM_ASSESSMETADATA_T (ASSESSMENTMETADATAID, ASSESSMENTID, LABEL,
    ENTRY)
    VALUES(sam_assessMetaData_id_s.nextVal, (SELECT ID FROM SAM_ASSESSMENTBASE_T WHERE TITLE='Timed Test'
     AND TYPEID='142' AND ISTEMPLATE=1),
      'honorpledge_isInstructorEditable', 'true')
;


INSERT INTO SAM_TYPE_T ("TYPEID" ,"AUTHORITY", "DOMAIN", "KEYWORD", "DESCRIPTION", "STATUS", "CREATEDBY", "CREATEDDATE", "LASTMODIFIEDBY", "LASTMODIFIEDDATE")
    VALUES (12 , 'stanford.edu', 'assessment.item', 'Multiple Correct Single Selection', NULL, 1, 1, SYSDATE, 1, SYSDATE);
    
-- // CALCULATED_QUESTION (Oracel DDL below)
INSERT INTO SAM_TYPE_T ("TYPEID" ,"AUTHORITY", "DOMAIN", "KEYWORD", "DESCRIPTION", "STATUS", "CREATEDBY", "CREATEDDATE", "LASTMODIFIEDBY", "LASTMODIFIEDDATE")
    VALUES (15, 'stanford.edu', 'assessment.item', 'Calculated Question', NULL, 1, 1, SYSDATE, 1, SYSDATE);
    
-- // IMAGEMAP_QUESTION (Oracle DDL below)
INSERT INTO SAM_TYPE_T ("TYPEID" ,"AUTHORITY", "DOMAIN", "KEYWORD", "DESCRIPTION", "STATUS", "CREATEDBY", "CREATEDDATE", "LASTMODIFIEDBY", "LASTMODIFIEDDATE")
    VALUES (16, 'stanford.edu', 'assessment.item', 'Image Map Question', NULL, 1, 1, SYSDATE, 1, SYSDATE);    

INSERT INTO SAM_ASSESSMETADATA_T (ASSESSMENTMETADATAID, ASSESSMENTID, LABEL, ENTRY) VALUES
(sam_assessMetaData_id_s.nextVal, (SELECT ID FROM SAM_ASSESSMENTBASE_T WHERE TITLE='Default Assessment Type' AND TYPEID='142' AND ISTEMPLATE=1), 'markForReview_isInstructorEditable', 'true');

INSERT INTO SAM_ASSESSMETADATA_T (ASSESSMENTMETADATAID, ASSESSMENTID, LABEL, ENTRY) VALUES
(sam_assessMetaData_id_s.nextVal, (SELECT ID FROM SAM_ASSESSMENTBASE_T WHERE TITLE='Formative Assessment' AND TYPEID='142' AND ISTEMPLATE=1), 'markForReview_isInstructorEditable', 'true');

INSERT INTO SAM_ASSESSMETADATA_T (ASSESSMENTMETADATAID, ASSESSMENTID, LABEL, ENTRY) VALUES
(sam_assessMetaData_id_s.nextVal, (SELECT ID FROM SAM_ASSESSMENTBASE_T WHERE TITLE='Quiz' AND TYPEID='142' AND ISTEMPLATE=1), 'markForReview_isInstructorEditable', 'true');

INSERT INTO SAM_ASSESSMETADATA_T (ASSESSMENTMETADATAID, ASSESSMENTID, LABEL, ENTRY) VALUES
(sam_assessMetaData_id_s.nextVal, (SELECT ID FROM SAM_ASSESSMENTBASE_T WHERE TITLE='Problem Set' AND TYPEID='142' AND ISTEMPLATE=1), 'markForReview_isInstructorEditable', 'true');

INSERT INTO SAM_ASSESSMETADATA_T (ASSESSMENTMETADATAID, ASSESSMENTID, LABEL, ENTRY) VALUES
(sam_assessMetaData_id_s.nextVal, (SELECT ID FROM SAM_ASSESSMENTBASE_T WHERE TITLE='Test' AND TYPEID='142' AND ISTEMPLATE=1), 'markForReview_isInstructorEditable', 'true');

INSERT INTO SAM_ASSESSMETADATA_T (ASSESSMENTMETADATAID, ASSESSMENTID, LABEL, ENTRY) VALUES
(sam_assessMetaData_id_s.nextVal, (SELECT ID FROM SAM_ASSESSMENTBASE_T WHERE TITLE='Timed Test' AND TYPEID='142' AND ISTEMPLATE=1), 'markForReview_isInstructorEditable', 'true');

update SAM_ASSESSACCESSCONTROL_T set MARKFORREVIEW = 1 where ASSESSMENTID = (SELECT ID FROM SAM_ASSESSMENTBASE_T WHERE TITLE='Formative Assessment' AND TYPEID='142' AND ISTEMPLATE=1);
